category,texts
0,หนูบ้านกับหนูนา
0,“กินอาหารกลางวันที่ต่างจังหวัด
1,น่าสนใจเป็นที่สุด!”
0,หนูบ้านอุทานเมื่อได้รับบัตรเชิญจากญาติของมัน
0,ซึ่งผู้นำข่าวนี้มาแจ้งก็คือคุณไปรษณีย์นกนั่นเอง
1,“อากาศสดชื่น แสงแดดอ่อนๆ มีแต่ความเงียบและสงบสุข...”
-1,หนูน้อยยังคงฝันเฟื่องต่อไป ขณะที่มองออกไปนอกหน้าต่างแล้วเห็นความวุ่นวายตรงถนนข้างล่าง
1,“เชื่อเลยว่าอาหารต้องมีรสชาติวิเศษสุด เวลาที่เราพักผ่อนอยู่ในสวนดอกไม้ใต้ท้องฟ้ากว้าง”
0,“ขอโทษนะจ๊ะ” นกไปรษณีย์พูด
-1,มันกำลังคอยอยู่ที่ขอบหน้าต่างอย่างร้อนใจ
1,“ต้องตอบจดหมายไหม” “โอ จริงสินะ” หนูบ้านพูด
1,“ช่วยบอกเขาด้วยว่าฉันยินดีที่จะไป ฉันจะไปถึงที่นั่นตอนเที่ยงวันพรุ่งนี้”
0,นกไปรษณีย์พยักหน้าแล้วบินหายไปในท้องฟ้า
0,เช้าตรู่วันรุ่งขึ้น หนูน้อยลอดตัวออกจากประตูบ้านในเมืองหลังที่มันอาศัยอยู่
0,แล้วออกเดินทางไปเยี่ยมญาติของมันที่ต่างจังหวัด
0,หนูน้อยวิ่งไปตามถนนที่มีแต่ความจอแจ มันแทรกตัวผ่านเท้าของผู้คนอย่างเร่งรีบ จนมาถึงสถานีรถไฟ
0,ผู้โดยสารนับร้อยเคลื่อนตัวออกจากรถไฟไปสู่ชานชาลา
0,พวกเขาต่างถือกระเป๋าเดินทางและร่มอยู่ในมือ
0,หนูน้อยหลบหลีกขาของคนเหล่านั้นอย่างรวดเร็ว แล้วกระโดดขึ้นรถไฟได้ทันเวลาพอดี
0,ประตูปิดตามหลังมันและรถไฟก็เคลื่อนตัวออกจากสถานี
-1,เจ้าหนูไต่ขึ้นไปยังที่ว่างข้างหน้าต่าง มันมองภาพเมืองอันวุ่นวายที่วิ่งผ่านไป บ้านและร้านรวง ตรอกซอยและถนน ผู้คนและเสาไฟ รถประจำทางและรถยนต์ขับผ่านไปอย่างรวดเร็ว
-1,ภาพเหล่านั้นค่อยๆ เปิดทางให้เนินเขาสีเขียวสูงๆ ต่ำๆ ลดหลั่นกัน และทุ่งดอกไม้กว้างสุดตาเผยออกมา กระทั่งรถไฟมาหยุดที่สถานีชนบทที่เงียบเหงาแห่งหนึ่ง
-1,เจ้าหนูจึงกระโดดลง มันกระโดดลงไปตามขั้นบันไดที่สถานีแล้วมายืนอยู่บนถนนนอกเมืองสายเล็กๆ ที่แสนเงียบเหงา
0,ผึ้งส่งเสียงหึ่งๆ เบาๆ ในอากาศ ท้องฟ้าเป็นสีฟ้าเข้มปราศจากเสียงใดๆ
0,ไม่มีภาพผู้คนที่เร่งรีบหรือรถประจำทางเสียงดังให้ได้เห็นเลย
0,หนูน้อยดึงบัตรเชิญออกจากกระเป๋าเพื่อจะดูเส้นทางที่ญาติของมันส่งมาให้
0,“จากสถานีให้ไปตามถนนสายเล็กๆ ลงเนิน แล้วเลี้ยวซ้ายไปทางทุ่งหญ้า”
0,มันอ่าน “ตรงไปเรื่อยๆ จนกว่าจะได้ยินเสียงแม่น้ำ 
0,แล้วค่อยเลี้ยวขวาที่เดซีดอกที่สาม แล้วเธอจะพบทางเข้าบ้านอยู่ใต้ดอกป๊อปปี้”
0,ไม่นานนัก หนูบ้านก็มาเคาะประตูไม้บานเล็กๆ ที่อยู่ในร่มเงาของดอกป๊อปปี้ที่กำลังไหวไปมา
1,ญาติของมันเปิดประตูออก ร้องจี๊ดๆ ด้วยความดีใจ “ดีใจจังที่ได้เจอเธอ!”
0,หนูนาร้อง “เข้ามาสิ!”
0,หนูบ้านก้มหัวลอดเข้าไปข้างใน เช่นเดียวกับบ้านหนูในชนบทหลังอื่นๆ
0,ในบ้านไม่มีอย่างอื่นนอกจากโพรงเล็กๆ โพรงหนึ่งในพื้นดิน และผนังว่างเปล่าและพื้นโคลน
-1,แต่สำหรับหนูบ้านผู้คุ้นเคยกับบ้านหลังใหญ่โต ที่ผนังมีกระดาษปิดตกแต่งและพื้นบ้านที่เงาวับ ที่นี่ก็น่าผิดหวังมากทีเดียว
1,แต่หนูบ้านไม่อยากเสียมารยาท มันจึงแค่พูดออกมาว่า “ทำไมเราไม่ออกไปกินข้างนอกกันล่ะ วันนี้อากาศดีมากเลยนะ!”
1,“เป็นความคิดที่ดี” หนูนาพูด
0,แล้วมันก็วิ่งพรวดพราดไปที่ห้องเก็บของเพื่อจะเอาอาหารกลางวัน
0,ต่อมามันก็กระวีกระวาดออกมาข้างนอกหอบเมล็ดดอกทานตะวันมาเต็มอ้อมแขน
1,“ตามสบายเลยนะ” หนูนาพูด
0,หนูบ้านแทะเมล็ดพืช “นี่ก็เป็นอาหารธรรมดาๆ” มันคิด
1,“บางทีจานต่อไปอาจจะน่าตื่นเต้นกว่านี้ก็ได้”
0,หนูนาสังเกตเห็นว่าญาติของมันกินไปเพียงนิดเดียวจึงพูดขึ้น “นี่จ้ะ” แล้วก็ยื่นเมล็ดดอกทานตะวันให้หนูบ้านเพิ่มอีก “กินให้เต็มที่เลยนะ”
0,“ฉันไม่อยากอิ่มตั้งแต่อาหารเรียกน้ำย่อยน่ะ” หนูบ้านยิ้ม
0,“ฉันอยากเก็บท้องไว้เผื่ออาหารหลัก”
1,“อาหารหลักงั้นหรือ” หนูนาพูดอย่างแปลกใจ
1,“ทั้งหมดก็มีอยู่แค่นี้แหละจ้ะ”
1,หนูบ้านประหลาดใจ “แค่นี้เองหรือ” มันร้อง
0,“แล้วปกติเธอกินอะไรล่ะ”
0,“ก็กินเมล็ดพืชแบบนี้ไง” หนูนาตอบ
0,“บางทีก็จะมีสตรอเบอรี่หนึ่งหรือสองลูก แต่ต้องเป็นหน้าของมันนะ...”
-1,หนูนาหยุดพูดเมื่อเห็นสีหน้าตกใจของญาติ
0,“ไม่มีพายหรือ” หนูบ้านถาม “ไม่มีแซนด์วิช หรือมัฟฟิน หรือชีสบ้างหรือ”
0,หนูนาส่ายหัว
0,“แล้วเค้กช็อกโกแลต ทาร์ตแยม หรือว่าไอศกรีมล่ะ”
0,“ฉันยังไม่เคยชิมด้วยซ้ำ” หนูนาตอบ
1,“โถ ญาติที่รักของฉัน” หนูบ้านพูด
0,“ชีวิตเธอยังไม่คุ้มค่า ถ้ายังไม่เคยได้ลองไอศกรีม”
0,หนูบ้านลุกขึ้นยืน แล้วดึงหนูนาให้ลุกตาม
1,“เราจะต้องออกจากที่นี่เดี๋ยวนี้” มันพูดอย่างหนักแน่น
0,“เธอไปกินข้าวเย็นที่บ้านฉันเถอะ”
0,“แต่ว่าฉันยังไม่เคยออกนอกเขตทุ่งนามาก่อนนี่”
0,หนูนาร้องเมื่อพวกมันวิ่งไปที่สถานี
0,“งั้นก็ได้เวลาที่เธอจะต้องออกจากทุ่งนาแล้วละ” หนูบ้านตอบ
0,พวกมันกระโดดขึ้นรถไฟ แล้วปีนป่ายขึ้นไปยังที่นั่งข้างหน้าต่าง
1,เมื่อรถไฟค่อยๆ เคลื่อนตัวผ่านชนบท หนูนามองออกไปนอกหน้าต่างอย่างตื่นเต้น
0,จมูกของมันแนบกระจก ภาพทุ่งนาเปลี่ยนเป็นบ้านคนและถนน รถประจำทางและรถยนต์
-1,ต่อมาไม่นานนักพวกมันก็มาถึงเมืองอันแสนวุ่นวาย
0,เมื่อหนูทั้งสองก้าวออกจากสถานี หนูนาก็อ้าปากกว้าง
-1,ตัวมันสั่นด้วยความกลัวเมื่อเห็นรถวิ่งอย่างรวดเร็วผ่านหน้ามัน
-1,และตัวสั่นมากขึ้นเมื่อรถประจำทางขนาดยักษ์จอดเสียงเอี๊ยดข้างพวกมัน
-1,แต่ดูเหมือนหนูบ้านแทบจะไม่ได้สังเกตเห็นด้วยซ้ำ “เร็วเข้า” มันพูด แล้วมุดหายเข้าไปกับการจราจรอันแสนวุ่นวาย
-1,กว่าพวกมันจะมาถึงบ้านที่หนูบ้านอาศัย หนูนาก็เกือบจะถูกเหยียบ เฉียดถูกรถทับ และเหน็ดเหนื่อยเป็นที่สุด
1,“ยินดีต้อนรับสู่บ้านอันต่ำต้อยของฉัน” หนูบ้านพูด
0,แล้วหนูทั้งสองก็ลอดตัวผ่านประตูหน้าเข้าไป
1,หนูนาร้องอุทาน เมื่อเห็นกระเบื้องเป็นมันเงาอยู่ทั่วไปหมด ผนังห้องมีดอกไม้งดงามแปลกตาคลุมอยู่ และบนเพดานมีโคมระย้าทำจากแก้วเจียระไนส่องแสงเหมือนดวงอาทิตย์ห้อยอยู่
0,“เธอหิวหรือยัง” หนูบ้านถาม
0,“หิวตาลายเลยละ” หนูนาตอบ
1,“งั้นพวกเรารออะไรกันอยู่ล่ะ” หนูบ้านหัวเราะ
0,หนูนาทั้งสองตัววิ่งผ่านพื้นกระเบื้องไปยังห้องอาหาร และปีนขึ้นไปตามขาโต๊ะอาหารขนาดยักษ์
-1,“อาหารเย็นตั้งโต๊ะแล้ว” หนูบ้านพูดอย่างโอ้อวด
0,ปากของหนูนาอ้ากว้าง
1,มันไม่เคยเห็นอาหารมากมายขนาดนี้มาก่อนในชีวิต มีชีสกองเป็นภูเขา และบิสกิตชิ้นเล็กๆ เรียงเป็นแถว องุ่นสีม่วงพวงโต และแซนด์วิชที่ชวนให้น้ำลายหกวางเป็นตั้งๆ และที่ปลายโต๊ะยังมีเค้กและของหวานน่าอร่อยมากมายเกินกว่าที่มันเคยฝันไว้วางอยู่
1,“ตามสบายเลยนะ” หนูบ้านพูด ขณะชีสอยู่เต็มปาก
0,หนูนาวิ่งไปรอบโต๊ะ ทำอะไรไม่ถูก
0,มันดึงองุ่นตรงนี้แล้วแทะแซนด์วิชตรงนั้น ก่อนจะปีนไปทั่วกองชีส ชิมอาหารตรงนี้นิดตรงนี้หน่อยจนเต็มปาก
0,“วี้ด!” หนูบ้านร้องเสียงแหลมจากฝั่งตรงข้ามของโต๊ะ ก่อนจะเลื่อนตัวไปตามช้อนลงมาที่ชามใส่ วิปครีม
1,“รอฉันด้วย!” หนูนาตะโกนอย่างร่าเริงแล้วก็วิ่งไปร่วมสนุกด้วย
0,หลังจากที่กินเค้กช็อกโกแลตเข้าไป และเลียน้ำตาลบนชิ้นเชอรี่พร้อมกับเคี้ยวทาร์ตสตรอเบอรี่ชิ้นใหญ่อย่างติดหนึบแล้ว หนูนาก็คิดว่าบ้านในเมืองหลังนี้ให้ความรู้สึกเหมือนเป็นบ้านตัวเองเลย
1,ขณะที่มันกำลังเช็ดอุ้งเท้าด้วยผ้าเช็ดปากแข็งๆ สีขาว หนูบ้านก็ร้องว่า “มากับฉันสิ ฉันมีอะไรให้เธอประหลาดใจ”
0,หนูบ้านใช้อุ้งเท้าลากญาติของมันไปยังถ้วยแก้วเย็นๆ ใบหนึ่งที่มีลูกกลมๆ ขนาดใหญ่สีขาวและสีชมพูอยู่ในนั้น
1,“นี่...” หนูบ้านพูดอย่างตื่นเต้น “ไอศกรีมไงล่ะ”
0,หนูทั้งสองแกว่งตัวขึ้นไปบนช้อนแล้วกระโดดลงไปในถ้วยใบนั้น
0,“มันเย็นเจี๊ยบเลย!” หนูนาอุทาน
0,“แน่อยู่แล้ว” หนูบ้านพูด “ลองชิมดูสิ”
0,หนูนาจุ่มอุ้งเท้าลงไปในไอศกรีมแล้วเลีย
1,มันส่งความรื่นรมย์อันหอมหวานเย็นจนสั่นสะท้านไปถึงสันหลังของเจ้าหนูน้อย “สวรรค์จริงๆ เลย!”
1,หนูนาถอนหายใจ พร้อมกับหลับตาอย่างเป็นสุข
0,ทันใดนั้น ประตูห้องอาหารก็เปิดออก ชายคนหนึ่งเดินเข้ามาในห้องเพียงชั่วพริบตา
-1,หนูบ้านก็กระโดดลงไปซ่อนตัวอยู่ด้านหลังถ้วยไอศกรีม แต่หนูนาตรึงแน่นอยู่กับที่ด้วยความกลัว
0,“หาที่ซ่อนสิ!” หนูบ้านกระซิบ “เร็วเข้า ก่อนที่เขาจะเห็นเจ้า”
0,เมื่อสติกลับมา หนูนาก็มุดตัวลงไประหว่างไอศกรีมสองลูก
-1,มันเย็นกว่าอากาศตอนกลางฤดูหนาวเสียอีก แต่หนูนาก็ไม่กล้าขยับมันหมอบตัวสั่น จนกระทั่งได้ยินเสียงประตูปิดลงอีกครั้ง แล้วเห็นใบหน้าของหนูบ้านกำลังมองลงมา
-1,“ตะ ตอน นี้ มะ มัน ปะ ปลอด ภัย หระ หรือ ยะ ยัง” หนูนาถาม ฟันของมันสั่นกระทบกันด้วยความหนาว
1,“ปลอดภัยแล้ว” หนูบ้านตอบ พลางดึงตัวญาติของมันออกมาจากถ้วยไอศกรีม แล้วปัดเกล็ดน้ำแข็งออกจากหนวด
-1,“มากินพายแอปเปิ้ลกัน” หนูบ้านพูดให้หนูนาคลายความหวาดกลัว “พายจะช่วยให้เธออบอุ่นขึ้น”
0,ขณะที่หนูบ้านและหนูนากำลังมุ่งหน้าไปยังพายแอปเปิ้ลอบที่สุดขอบโต๊ะ ก็มีเสียง “เมี้ยว” ดังขึ้น
-1,ก่อนที่หนูนาจะทันได้ถามว่าเกิดอะไรขึ้น แมวสีส้มตัวเขื่องท่าทางดุร้ายก็กระโดดขึ้นมาบนโต๊ะตรงหน้าพวกมัน
0,“วิ่งให้เร็วที่สุด” หนูบ้านร้องเสียงแหลม
-1,คราวนี้ ไม่จำเป็นต้องบอกหนูนาซ้ำสอง ทั้งคู่หนีอย่างอลหม่านโดยมีแมวจี้ตามหลังมาติดๆ
0,พวกมันวิ่งผ่านเค้กช็อกโกแลต ลอดตัวผ่านช่องระหว่างจานสองใบแล้ววิ่งไปรอบๆ ถาดชีส
-1,แมวขู่อย่างดุร้ายพร้อมกับวิ่งไล่หลังพวกมัน ทำให้แก้วล้มชามปลิวไปทุกทิศทุกทาง
0,หนูทั้งสองวิ่งมาถึงขอบโต๊ะได้ทันเวลาพอดี
0,เมื่อหนูนากระโดดลงจากโต๊ะ มันรู้สึกได้ว่ากรงเล็บของแมวพลาดหลังของมันไปอย่างหวุดหวิด
-1,หนูนากระโดดลงบนพรมผืนนุ่ม หัวใจเต้นถี่รัวด้วยความกลัว ด้านหลังของมัน
-1,เจ้าแมวกำลังขู่อย่างโกรธแค้นเมื่อมันเซถลาไปที่ขอบโต๊ะ ตะปบผ้าปูโต๊ะไว้เพื่อกันไม่ให้ตัวเองหล่นลงไป
0,“ทางนี้!” หนูบ้านร้อง ชี้ไปทางรู้เล็กๆ ตรงริมผนัง
-1,มีเสียงร้องอย่างเจ็บปวดและเสียงโครมครามดังสนั่นเมื่อแมวหล่นลงมาที่พื้น
0,มันดึงผ้าปูโต๊ะและจานกับแก้วทั้งหมดตามลงมาด้วย
0,หนูน้อยทั้งสองมุดเข้ารูไปโดยไม่หันกลับมามอง แล้วทรุดตัวลงไปกองที่พื้นด้านหลังกำแพง สีข้างของหนูทั้งสองขยับขึ้นลง
-1,“นั่นก็แค่ข้อเสียเล็กๆ น้อยๆ ข้อหนึ่งของการใช้ชีวิตแบบคนที่มีระดับน่ะ” หนูบ้านหอบแฮก
-1,“ข้อเสียเล็กๆ น้อยๆ งั้นหรือ” หนูนาร้อง
0,“เชิญเธอมีชีวิตแบบมีระดับของเธอต่อไปเถอะ ฉันขอกลับชนบทของฉันดีกว่า”
0,“อะไรนะ” หนูบ้านพูด “แล้วก็อยู่โดยไม่มีอาหารจากสวรรค์พวกนี้น่ะหรือ”
1,“ใช่” หนูนาตอบอย่างหนักแน่น
1,“ฉันยินดีจะอยู่อย่างสงบสุข
-1,มากกว่ามาเสี่ยงชีวิต เพื่อแลกกับไอศกรีมหนึ่งอุ้งมือแบบนี้”
1,“นิทานเรื่องนี้สอนให้รู้ว่า” ไม่มีที่ไหนจะอุ่นใจ เหมือนบ้านเรา
0,ลากับหมาป่า
1,บ่ายวันหนึ่ง ขณะที่เจ้าลาอ้วนพีตัวหนึ่งกำลังเล็มต้นถั่วหย่อมหนึ่งอย่างมีความสุข
-1,ก็มีเสียงคำรามต่ำๆ น่ากลัวดังขึ้น
-1,มันหมุนตัวกลับมาเห็นหมาป่าท่าทางดุร้ายวิ่งตัดทุ่งหญ้าตรงมาที่มัน
0,นัยน์ตาของหมาป่าหรี่เล็กลงและแยกเขี้ยวยิงฟันออกมา ท่าทางของมันหิวโซเอามากๆ
-1,“หนีไม่ทันแล้ว” เจ้าลาคิดอย่างตื่นกลัว “ข้าเสร็จมันแน่!”
0,ตอนนี้หมาป่าเข้ามาใกล้เสียจนเจ้าลามองเห็นนัยน์ตาวาววับและน้ำลายที่หยดจากซี่ฟันของมันอย่างชัดเจน
-1,เจ้าลาคิดหาทางเอาตัวรอดอย่างสิ้นหวัง เมื่อหมาป่าอยู่ห่างออกไปเพียงเสี้ยวหนวดของมัน
-1,เจ้าลาก็ตะโกนออกมาว่า “โอ๊ย! กีบเท้าที่น่าสงสาร” มันร้อง “ไม่น่ามาถูกหนามตำเจ็บๆ อย่างนี้เลย!”
-1,“ข้าไม่มัวมาใส่ใจกับเรื่องเล็กๆ น้อยๆ อย่างนี้หรอกน่า” หมาป่าเลียริมฝีปาก “หนามนั่นคงจะอยู่รบกวนเจ้าอีกไม่นานนักหรอก”
0,เจ้าลาถอนหายใจ “ถ้าเจ้าวางแผนจะกินข้าละก็” มันพูด “เชิญได้เลย แต่เจ้าน่าจะเอาหนามออกจากกีบเท้าข้าก่อน ไม่งั้นมันจะติดคอตอนเจ้ากลืนได้นะ”
1,“เจ้าช่างมีน้ำใจเสียจริง” หมาป่าพูดพลางชายตามอง “ข้าชอบมื้อกลางวันที่ได้ช่วยเหลือผู้อื่น”
0,หมาป่าก้มลงดูกีบเท้าเจ้าลา
0,“หนามตำตรงไหนกันล่ะ” มันถาม “ให้ข้าดูหน่อยซิ”
0,เจ้าลายกกีบเท้าด้านหลังข้างหนึ่งขึ้น
0,“ที่เท้าข้างนี้” มันพูด “เจ้ามองเห็นไหม”
0,“ไม่เห็น...” หมาป่าพูด แล้วก้มใกล้เข้าไปอีก
0,“อยู่ตรงกลางเลย” เจ้าลาตอบ ยกเท้าสูงขึ้นอีกนิ “เจ้าเห็นหรือยัง”
0,หมาป่าก้มลงใกล้ขึ้นกว่าเดิม กระทั่งจมูกของมันเกือบแตะกีบเท้าเจ้าลา
0,“ไม่เห็นมี...” หมาป่าตอบ
0,“จริงหรือ” เจ้าลาพูด “อาจจะเพราะมันไม่มีหนามอยู่จริงๆ น่ะสิ!”
-1,แล้วเจ้าลาก็ใช้ขาหลังทั้งสองข้างเตะหมาป่าสุดแรงเกิดหมาป่าร้องลั่น ตีลังกาลอยละลิ่วไปหล่นตุ้บตรงกลางทุ่งหญ้า
1,ลาเฝ้ามองอย่างดีใจเมื่อหมาป่าที่กำลังมึนงงพาตัวเองลุกขึ้นแล้วค่อยๆ ย่องเข้าป่าไป
1,“ฮ่า ฮ่า” ลาหัวเราะชอบใจ “ข้าชอบหมาป่าที่ชอบช่วยเหลือผู้อื่นจัง!”
-1,“นิทานเรื่องนี้สอนให้รู้ว่า” คนโง่ย่อมเป็นเหยื่อของคนฉลาด
0,ราชสีห์กับหนู
0,“ข้าจะต้องเก็บเมล็ดพืชไว้สำหรับฤดูหนาว” หนูน้อยคิดเมื่อมันวิ่งไปตามทาง 
1,“แล้วข้าก็ต้องเตือนเด็กๆ ให้ล้างหลังหูให้สะอาดด้วย”
-1,หนูน้อยมัวแต่วุ่นวายกับความคิดเสียจนไม่ได้สนใจว่ากำลังวิ่งไปไหน กระทั่งมาถึงเนินชันๆลูกหนึ่ง
1,มันเริ่มต้นปีนขึ้นไป หญ้าบนเนินเขาเป็นสีทอง และพื้นข้างใต้เท้าของมันก็ให้ความรู้สึกอุ่นอย่างประหลาด
1,“ช่างเป็นเนินเขาที่ประหลาดเสียจริง” หนูน้อยพูดกับตัวเอง ระหว่างที่หยุดพักหายใจ
1,มันก็สังเกตเห็นอะไรแปลกๆ เนินเขาทั้งลูกค่อยๆขยับขึ้นลงอยู่ข้างใต้ตัวมัน
0,“ช่วยด้วย” หนูคิด “นี่ดูเหมือนกับว่ามันกำลังหายใจอยู่เลย แต่มีใครเคยได้ยินเรื่องเนินเขาที่หายใจได้บ้างล่ะ”
-1,หนูใช้อุ้งเท้าเขี่ยๆพื้น เพื่อดูว่ามันทำมาจากอะไร ทันใดนั้นเนินเขาทั้งลูกก็สั่นอย่างแรง
0,หนูน้อยเสียการทรงตัวแล้วล้มกลิ้งไม่เป็นท่า หล่นตุ้บไปที่หญ้าสีเขียวเย็นๆตรงตีนเขา
0,หนูมองดูด้วยดวงตากลมโตเหมือนจานรองแก้ว
1,เมื่อเนินเขาสีทองหน้าตาประหลาดค่อยๆสูงขึ้น สูงขึ้นตรงหน้า หนูเข้าใจทันทีว่า นี่มันไม่ใช่เนินเขา
0,แต่เป็นราชสีห์ขนาดมหึมาต่างหาก
-1,“อี๊ก!” หนูน้อยร้องเสียงแหลมด้วยความหวาดกลัว
0,มันหันหลังกลับแล้ววิ่งหนีเอาตัวรอด
-1,ราชสีห์คำรามเสียงแสบแก้วหู ตะปบอุ้งเท้าลงบนหางหนู ตรึงมันไว้อยู่กับที่อย่างมั่นคง
-1,“กล้าดียังไงมาปลุกข้า” ราชสีห์คำรามด้วยความโกรธจัด
-1,“ข้าขะ ขอโทษจะ จะ จริงๆ” หนูพูดตะกุกตะกัก หนวดสั่นระริกไปด้วยความกลัว “ข้าคิดว่าท่านเป็นเนินเขาเสียอีก”
-1,“เนินเขางั้นรึ” ราชสีห์แยกเขี้ยวคำรามอวดฟันซี่ใหญ่เงาวับสองแถว 
-1,“งั้นเนินเขาลูกนี้หิวแล้ว ถึงเวลากินอาหารสักคำแล้วละ” ราชสีห์อ้าปากกว้าง น่ากลัวยิ่งนัก
0,“ช้าก่อน!” หนูร้องเสียงแหลม “ได้โปรดเถอะ! ถ้าท่านปล่อยข้าไป ข้าสัญญาว่าจะตอบแทนบุญคุณท่าน”
0,ราชสีห์ชะงักแล้วก้มลงมองสัตว์ตัวน้อย “อย่างเจ้าน่ะรึ”
0,มันพูดอย่างไม่เชื่อ “ตัวเล็กๆ อย่างเจ้าจะทำประโยชน์อะไรให้ข้าได้”
-1,“ท่านไม่มีวันรู้หรอก” เสียงเล็กๆของมันตอบออกมา “ถ้าท่านเกิดตกอยู่ในความลำบาก
1,ข้าอาจจะช่วยท่านให้รอดพ้นจากอันตรายได้นะ”
1,ราชสีห์เอนศีรษะไปด้านหลังแล้วหัวเราะดังลั่น มันหัวเราะไม่หยุด จนน้ำตาไหลเป็นทาง
1,“ตลอดชีวิตของข้าไม่เคยได้ยินเรื่องอะไรตลกขนาดนี้มาก่อนเลย” มันร้อง พลางจับสีข้างไว้
1,“ไม่เห็นจะตลกขนาดนั้นเลย” หนูพูด พร้อมกับกอดอกอย่างขุ่นเคือง
1,แต่ท่าทางของมันยิ่งทำให้ราชสีห์หัวเราะหนักเข้าไปอีก
1,“ยังไงกินเศษอาหารเล็กๆ อย่างเจ้าก็ไม่อิ่มอยู่ดี” ราชสีห์ถอนหายใจ เมื่อมันควบคุมตัวเองให้หยุดหัวเราะได้ในตอนหลัง
1,“เพราะว่าเจ้าทำให้ข้าอารมณ์ดี ข้าจะยอมปล่อยเจ้าไป”
0,ราชสีห์ยกอุ้งเท้าออกจากหางของหนู
1,“ขอบคุณท่าน” หนูยิ้มกว้าง “ท่านจะไม่เสียใจแน่”
1,“ไปซะที” ราชสีห์หัวเราะหึๆ “ก่อนที่ข้าจะเปลี่ยนใจ”
0,หนูรีบวิ่งกลับบ้านเร็วที่สุดเท่าที่ขาจะพามันวิ่งไปได้
0,ไม่กี่วันต่อมา ระหว่างที่หนูน้อยกำลังวิ่งเล่นอยู่ในป่า
-1,ก็มีเสียงคำรามอย่างโกรธแค้นทำลายความเงียบขึ้นมา จนนกบินแตกฮือไปทุกทิศทาง
0,“เสียงนั้นเหมือนเสียงราชสีห์เลย” หนูคิด
-1,ครู่ต่อมา ก็มีเสียงคำรามดังขึ้นอีกครั้ง คราวนี้เบากว่าครั้งก่อน ตามด้วยเสียงครางต่ำๆ ดังเป็นเวลานาน
-1,“ฟังเหมือนกับว่าราชสีห์กำลังเดือดร้อนอยู่” หนูน้อยพูดกับตัวเองแล้วมันก็รีบไปตามเสียงนั้น
1,หนูไปถึงลานโล่งแห่งหนึ่งก็พบกับราชสีห์ ตกอยู่ในสภาพน่าสงสารอย่างยิ่ง
-1,ตัวมันติดอยู่ในตาข่ายดักสัตว์ของนายพราน มันกำลังปลุกปล้ำอยู่กับตาข่ายอย่างสิ้นหวัง
0,แต่ยิ่งมันพยายามจะดิ้นให้หลุดมากเท่าไร ตาข่ายก็ยิ่งพันตัวแน่นขึ้นเท่านั้น
0,“สวัสดีจ้ะ ท่านราชสีห์” หนูน้อยทัก
-1,ราชสีห์หยุดดิ้นรนแล้วถอนหายใจเฮือกใหญ่ “ข้าว่าเจ้าคงมาเยาะเย้ยข้าละสิ ก็ข้าไม่มีอำนาจอะไรแล้วนี่” ราชสีห์พูด
1,“ไม่เลย” หนูน้อยตอบ “ข้ามาเพื่อจะตอบแทนที่ท่านปล่อยข้าให้เป็นอิสระ--อย่างที่ข้าสัญญาเอาไว้ไงล่ะ”
-1,ราชสีห์กลอกนัยน์ตา “ข้าเดือดร้อนมากพอแล้ว
1,แล้วข้าก็ตัวใหญ่และแข็งแรงกว่าเจ้าตั้งมากมาย” พูดจบ ราชสีห์ก็กลับไปปลุกปล้ำกับตาข่ายต่อ
1,“หยุดกลิ้งไปกลิ้งมาสักเดี๋ยวสิท่าน” หนูน้อยพูดอย่างกระตือรือร้น แล้วมันก็ไต่ขึ้นไปบนหลังราชสีห์ ก่อนจะแทะเชือกทีละเส้น
0,ไม่นานหนูก็กระโดดกลับลงมาที่พื้น “เรียบร้อยแล้ว”
0,ราชสีห์ยืนขึ้น แล้วตาข่ายก็หล่นลงไปบนพื้น
1,มันเป็นอิสระแล้ว “เหลือเชื่อ!”
1,ราชสีห์กล่าว พลางสะบัดแผงคออันสง่างามของมัน “ใครจะคิดว่าสัตว์ตัวเล็กๆ อย่างเจ้าจะช่วยชีวิตราชสีห์ตัวหนึ่งได้
1,ขอบคุณนะเพื่อนตัวน้อย ขอบคุณจากใจจริง”
-1,“นิทานเรื่องนี้สอนให้รู้ว่า” อย่าดูถูกผู้ที่ต่ำต้อยกว่าตนเอง
0,นกกระสากับหมาจิ้งจอก
-1,มีหมาจิ้งจอกจอมเจ้าเล่ห์ตัวหนึ่งอาศัยอยู่ในป่าใกล้ทะเลสาบ มันขึ้นชื่อเรื่องการกลั่นแกล้งผู้อื่น
1,บรรดาสัตว์ในป่าแห่งนี้ต่างรู้กิตติศัพท์ของมันเป็นอย่างดี จึงไม่มีสัตว์ตัวไหนจะหลงกลมันอีกต่อไป
0,บ่ายวันหนึ่ง หมาจิ้งจอกเห็นนกกระสาบินร่อนลงมาที่ริมทะเลสาบ
0,“เรามีผู้มาเยือนหน้าใหม่ละ” หมาจิ้งจอกคุยกับกระรอกที่วิ่งไปมาอยู่บนกิ่งไม้เหนือศีรษะ“ข้าว่าข้าจะไปแนะนำเธอให้รู้จักดินแดนแห่งนี้สักหน่อย”
1,“คิดหรือว่าเจ้าจะหลอกนกกระสาได้” กระรอกเตือน “นกกระสาน่ะฉลาดมากเลยนะ ไม่หลงกลเจ้าง่ายๆ หรอก”
0,“พวกเจ้าคิดอย่างนั้นหรือ” หมาจิ้งจอกพูด “งั้นก็คอยดูละกัน”
0,มันเดินทอดน่องออกจากหมู่ไม้เข้าไปหานกกระสา
1,“สวัสดีตอนบ่ายจ้ะ” หมาจิ้งจอกทักอย่างสุภาพ
0,“สวัสดีตอนบ่าย” นกกระสาตอบ
0,“ข้าไม่เคยเห็นเจ้ามาก่อนเลย” หมาจิ้งจอกพูดด้วยท่าทีเป็นกันเอง “เจ้าเพิ่งมาที่นี่เป็นครั้งแรกหรือ”
1,“ใช่แล้ว” นกกระสาตอบ “จริงๆ แล้ว ข้าบินมาตั้งไกลแน่ะ ข้าแค่มาหยุดที่นี่เพื่อพักผ่อนสักสองสามวันน่ะ”
1,“จริงหรือ” หมาจิ้งจอกตอบ “งั้นให้ข้าได้ต้อนรับเจ้า ก่อนผู้อื่นก็แล้วกัน”
1,มันเอียงศีรษะไปข้างหนึ่งแล้วยิ้มกว้างอย่างเจ้าเล่ห์
0,“ในป่าแถวนี้เรามักจะแบ่งอาหารให้ผู้มาใหม่เสมอ งั้นข้าขอเชิญเจ้าไปกินอาหารเย็นที่บ้านข้าก็แล้วกัน”
1,นกกระสาแสดงความดีใจ “ขอบคุณ เจ้าใจดีมากเลย”
0,“ข้าขอตัวไปเตรียมอาหารให้พร้อมก่อน” หมาจิ้งจอกพูด “ไว้อีกสักชั่วโมงเจ้าค่อยแวะมานะ”
0,“ได้จ้ะ” นกกระสาผงกหัว
0,“ประตูบ้านข้าอยู่ใต้ต้นโอ๊กใหญ่นะ” หมาจิ้งจอกพูด
0,แล้วมันก็วิ่งเหยาะๆ เข้าไปในป่า
1,เมื่อได้เวลานกกระสามากินอาหารเย็นด้วย หมาจิ้งจอกก็แสดงท่าทียินดีอย่างเคย
1,“ยินดีต้อนรับ” มันพูด แล้วนำจานก้นแบนขนาดใหญ่ใส่ซุปผักควันหอมฉุยออกมาต้อนรับ
0,“เป็นธรรมเนียมของเราที่จะต้องกินจากจานใบเดียวกัน” หมาจิ้งจอกพูด พร้อมกับวางจานลงบนโต๊ะ “เจ้าไม่ว่าอะไรใช่ไหม”
0,“แน่นอน” นกกระสาจุ่มปากลงไปในซุปเพื่อชิมดู
0,แต่เพราะจานตื้นมากและปากของมันก็ยาวเกินไป มันจึงได้แต่ชิมแค่น้ำซุปหยดน้อยๆ เท่านั้นเอง ขณะที่หมาจิ้งจอกใช้ลิ้นเลียน้ำซุป
-1,นกกระสามองดูอย่างไม่มีความสุข เมื่อหมาจิ้งจอกตั้งหน้าตั้งตาเลียเอา เลียเอา
1,“โอ้ อร่อยชะมัด” หมาจิ้งจอกพึมพำ “ขนาดข้ายังอดพูดเองไม่ได้เลย”
0,มันชายตามองนกกระสา “เจ้าไม่หิวหรือ” หมาจิ้งจอกยิ้มเยาะ แล้วเลียซุปอีก
0,นกกระสาพยายามจะกินซุปอีกเล็กน้อย
0,มันจุ่มปากลงไปอีกครั้ง แต่ก็ยังตักอะไรขึ้นมาไม่ได้
0,มันพยายามเอียงปากไปด้านข้างแต่ก็ไม่พอดีจานอยู่เหมือนเดิม
0,ยิ่งหมาจิ้งจอกเลียซุปไปมากเท่าไร ซุปก็ยิ่งเหลือน้อยลง นกกระสาก็ยิ่งกินไม่ได้เข้าไปใหญ่
-1,มันมองหมาจิ้งจอกเลียจนเกลี้ยงจานด้วยความเศร้าใจ
0,เมื่อหมาจิ้งจอกจัดการกับซุปหยดน้อยหยุดสุดท้ายจนเสร็จสิ้นก็เอนหลังแล้วตบพุงเบาๆ
1,มันมองใบหน้างอๆ ของนกกระสาแล้วยิ้มแป้น “เจ้าไม่ชอบซุปหรือ” มันถาม
-1,นกกระสามองใบหน้าของหมาจิ้งจอกแวบหนึ่ง จึงได้เข้าใจว่ามันถูกหลอกเสียแล้ว
1,แต่มันก็แกล้งทำเป็นซื่อ “อร่อยดีจ้ะ ขอบคุณมากเลย”
1,“ด้วยความยินดี” หมาจิ้งจอกตอบ พยายามตีหน้าเฉย
0,ต่อมาในคืนนั้น เมื่อนกกระสาเดินลุยน้ำไปรอบๆ ทะเลสาบ เพื่อจะจับปลาใส่ท้องที่ว่างเปล่า
1,มันจึงขบคิดหาทางเอาคืนหมาจิ้งจอกให้ได้จนในที่สุด มันก็ได้ความคิดดีๆ ขึ้นมา
1,ในตอนเช้า นกกระสารีบไปหาหมาจิ้งจอก “ข้าอยากจะเชิญเจ้าไปกินอาหารกลางวันเพื่อเป็นการตอบแทนความมีน้ำใจน่ะจ้ะ” นกกระสาพูด
1,“งั้นหรือ” หมาจิ้งจอกมีท่าทีประหลาดใจ
0,“ใช่แล้วจ้ะ” นกกระสาพูด “มาที่ทะเลสาบตอนบ่ายโมงนะ ข้าจะเตรียมทุกอย่างไว้ให้พร้อม”
1,แล้วนกกระสาก็เดินเข้าไปในหมู่ไม้ มีเสียงหัวเราะดังขึ้นจากกิ่งไม้ด้านบน
1,“ระวังตัวให้ดีล่ะ” กระรอกร้องบอก “นกตัวนั้นคงจะหาทางเอาคืนแน่”
1,หมาจิ้งจอกส่ายหัว “ไม่มีใครจะเอาชนะหมาจิ้งจอกได้หรอก!”
0,บ่ายวันนั้น หมาจิ้งจอกมาที่ทะเลสาบ เตรียมพร้อมสำหรับมื้อกลางวัน
0,“ใช้ธรรมเนียมของเจ้าที่กินซุปจากจานเดียวกันเถอะ” นกกระสาพูด แล้วมันก็หยิบไหทรงสูงที่มีคอขวดผอมยาวออกมา “อย่ามัวแต่เกรงใจล่ะ”
0,มันคะยั้นคะยอหมาจิ้งจอก “เริ่มได้เลยจ้ะ”
-1,หมาจิ้งจอกมองไหอย่างไม่แน่ใจ มันยืนด้วยขาหลังแล้ววางอุ้งเท้าหน้าบนขอบไห
1,กลิ่นหอมหวนลอยมาจากซุปจนมันน้ำลายสอ
0,มันยืดคอขึ้น แต่ก็ทำได้แค่จุ่มปลายลิ้นลงไปในซุปเท่านั้น
1,นกกระสาโน้มตัวลงมาแล้วเลื่อนปากบางยาวของมันลงไปในไห “อร่อยจัง” มันพูด
1,กลืนซุปคำใหญ่ ขนาดข้ายังอดพูดเองไม่ได้เลย” นกกระสายิ้มให้
-1,หมาจิ้งจอกมองคอขวดอย่างเศร้าใจ
0,“ไม่หิวหรือจ๊ะ” นกกระสาถามอย่างใสซื่อ
0,หมาจิ้งจอกพยายามจุ่มลิ้นลงไปในซุปอีกครั้ง แต่มันก็ไม่สามารถเข้าไปถึงซุปได้เลย เพราะนกกระสาได้กินไปบางส่วนแล้ว
0,หมาจิ้งจอกเลียหยดน้ำซุปสองสามหยดที่กระเด็นออกไปด้านข้าง แต่นั่นยิ่งทำให้มันหิวมากเข้าไปอีก
-1,มันนั่งลงแล้วมองนกกระสาอย่างไม่เป็นสุข เมื่อเห็นนกกระสาจัดการกับน้ำซุปหยดสุดท้ายจนเกลี้ยง
1,เสียงหัวเราะดังขึ้นจากต้นไม้แถวนั้น
0,“สมน้ำหน้า!” กระรอกตำหนิ “นกกระสาตัวนั้นจัดการกับเจ้าด้วยอุบายเดียวกับที่เจ้าใช้เลย!”
0,“นิทานเรื่องนี้สอนให้รู้ว่า” อย่าคิดว่าผู้อื่น จะด้อยกว่าตนเองเสมอไป
0,ทำไมผึ้งจึงมีเหล็กใน
-1,“ออกไป!” ราชินีผึ้งตะโกนอย่างโกรธจัด เมื่อเห็นมือขนาดใหญ่และขนยาวโผล่เข้ามาในรังของพวกมัน
-1,แต่มือนั้นเพียงแต่ปัดราชินีผึ้งที่กำลังโมโหและผึ้งงานออกไป แล้วจึงช้อนตักน้ำผึ้งสีทองอันมีค่าออกไปจนหมด
0,พวกผึ้งร้องหึ่งๆ คัดค้าน แต่พวกมันก็ทำอะไรไม่ได้เลย
0,นี่ก็เพราะว่าในสมัยนั้น พวกผึ้งเป็นเพียงแมลงมีขน
-1,ที่ไม่มีอันตรายใดๆ และยังปกป้องตัวเองไม่ได้เลยด้วยซ้ำ
-1,“เราปล่อยให้เป็นแบบนี้ต่อไปไม่ได้แล้ว” ราชินีผึ้งพูดอย่างสิ้นหวัง “ทุกครั้งที่เรามีน้ำผึ้งเกือบจะเต็มรัง จะต้องมีคนมาขโมยน้ำผึ้งไปจนหมด”
-1,ผึ้งงานพึมพำอย่างเห็นด้วย “เราจะไม่ทนอีกต่อไป”
1,ราชินีผึ้งพูดอย่างหนักแน่น “พวกเจ้าทั้งหมดตามข้ามา พวกเราจะไปพบเทพเจ้าซีอุสผู้ยิ่งใหญ่กัน”
0,พวกผึ้งบินออกไปทันที นับเป็นฝูงผึ้งที่ใหญ่ที่สุด และเสียงดังที่สุดเท่าที่มีใครเคยเห็นมา
1,ผู้คนหยุดเงยหน้ามองอย่างประหลาดใจเมื่อพวกมันบินผ่านไป
0,ฝูงผึ้งบินผ่านปุยเมฆสีขาวขึ้นไปยังท้องฟ้า ผ่านลมเหนือและข้ามสายรุ้งขึ้นไป ในที่สุดก็มาถึงวังของเทพเจ้าซีอุส
0,“นี่มันอะไรกัน” เทพเจ้าซีอุสถาม เมื่อพระองค์เห็นฝูงผึ้งขนาดมหึมา
0,ราชินีผึ้งกระวีกระวาดขึ้นไปหาเทพเจ้าซีอุส แล้วลอยตัวอยู่ในอากาศตรงหน้าจมูกของพระองค์
1,“สวัสดีตอนบ่าย เทพเจ้าซีอุส” ราชินีผึ้งพูด พร้อมถอนสายบัว “ข้ามีเรื่องสำคัญจะเรียน”
1,เทพเจ้าผู้ยิ่งใหญ่โค้งอย่างสุภาพให้ราชินีตัวน้อย “ถ้าเป็นอย่างนั้น” พระองค์พูด “เชิญเข้ามาอธิบายข้างในเถอะ”
0,“ตกลงท่าน” ราชินีผึ้งพูด แล้วก็บินผ่านประตูที่เปิดไว้เข้าไปข้างในโดยมีฝูงผึ้งทั้งหมดบินตามหลัง
0,“เชิญนั่ง” เทพเจ้าซีอุสพูดกับฝูงผึ้ง
0,บรรดาผึ้งนั่งกันจนเต็มพื้นหินอ่อนขัดมัน ดูแล้วเหมือนพรมขนสั้นๆ ผืนโต
0,“เชิญพระนาง” เทพเจ้าซีอุสพูดกับราชินีผึ้ง แล้วพระองค์ก็วางหมอนอิงกำมะหยี่สีแดงบนบัลลังก์ให้ราชินีผึ้งนั่ง
1,“ขอบพระทัย” ราชินีผึ้งตอบ พร้อมนั่งลงบนหมอนอิง ค่อยๆ พับปีกอย่างบรรจงแล้วกระแอม
0,“ตลอดทั้งฤดูร้อน” ราชินีผึ้งเริ่มต้น
-1,“คนงานของข้าทำงานหนัก รวบรวมเกสรจากดอกไม้มากมายเพื่อทำให้มันเป็นน้ำผึ้ง
0,แต่คนกลับบุกเข้ามาในรังของเราทุกครั้งที่พวกเขาอยากได้น้ำผึ้งไป
-1,เราไม่มีทางจะป้องกันตัวเองได้เลย” ราชินีผึ้งพูดไปสั่นไปด้วยอารมณ์
1,“ข้าขอร้องท่านให้ช่วยเหลือพวกเรา ในฐานะผู้ปกครองกับผู้ปกครองด้วยกัน”
1,เทพเจ้าซีอุสชื่นชอบน้ำผึ้งเช่นเดียวกับคนอื่นๆ แต่พระองค์ก็ไม่อยากจะเห็นราชินีผึ้งไม่สบายใจ
0,เทพเจ้าซีอุสจึงช่วยคิดหาทางออก ในที่สุดพระองค์ก็คิดอะไรได้อย่างหนึ่ง
1,“ข้าว่าข้ามีวิธีหนึ่งที่จะให้เจ้าป้องกันตัวเองได้” พระองค์พูด 
-1,“แต่คงเป็นเรื่องน่าเสียดายถ้าจะไม่มีโอกาสได้กินน้ำผึ้งอีก ถ้าข้าให้อาวุธที่ทำให้คนกลัวเจ้ามากขึ้น
1,เจ้าจะสัญญาได้หรือไม่ว่าเจ้าจะไม่ใช้มันอย่างพร่ำเพรื่อ แล้วนานๆ ครั้งก็ให้คนได้ชิมน้ำผึ้งบ้าง”
1,“ได้สิท่าน” ราชินีผึ้งตอบ และประชากรผึ้งก็พยักหน้าด้วยความเห็นชอบ
1,“ดีมาก” เทพเจ้าซีอุสพูด “กลับไปที่รังได้ แล้วข้าจะบอกเจ้าเมื่ออาวุธเสร็จเรียบร้อย”
0,เมื่อพวกผึ้งจากไป เทพเจ้าซีอุสก็ไปที่ห้องทำงานของพระองค์ แล้วเริ่มออกแบบอาวุธที่มีขนาดเล็กมาก จนพอดีกับหางผึ้ง
1,งานนี้เป็นงานที่ต้องอาศัยความประณีตและใช้เวลาหลายวันทีเดียว
0,เมื่อเทพเจ้าซีอุสทำเสร็จพระองค์ก็ส่งสารไปบอกราชินีผึ้ง
0,ราชีนีผึ้งกลับมาอีกครั้ง พร้อมทั้งนำประชากรผึ้งทั้งหมดมาด้วย
0,พระองค์นำอาวุธขนาดจิ๋วใส่ให้ผึ้งแต่ละตัวจนครบ
-1,“อาวุธนี้” เทพเจ้าซีอุสอธิบาย “จะทำให้เกิดแผลที่เจ็บปวด เจ้าจะใช้กี่ครั้งก็ได้ตามแต่ต้องการ
1,แต่ข้าอยากให้เจ้าสัญญาว่า จะใช้มันต่อเมื่อถึงคราวจำเป็นจริงๆ เท่านั้น”
1,“พวกเราสัญญา” ผึ้งน้อยทั้งหมดประสานเสียงตอบ พวกมันสะบัดหางบินจากไปอย่างมีความสุข
1,ทุกตัวต่างก็ดีใจมากที่ได้อาวุธใหม่ ตลอดทั้งบ่าย
0,พวกผึ้งร้องเสียงหึ่งๆ ตอนพวกมันทำงาน รวบรวมน้ำหวานแล้วทำให้มันกลายเป็นน้ำผึ้งสดใหม่
0,เช้าวันรุ่งขึ้น เมื่อราชินีผึ้งกำลังกินอาหารเช้าอยู่ มืออ้วนๆ มือหนึ่งแหวกเข้ามาในรวงผึ้ง แล้วทำลายรังผึ้งไปช่องหนึ่งรงหน้าราชินีผึ้งพอดี
-1,“ต่อยมือซะ!” ราชินีผึ้งตะโกน
-1,แล้วผึ้งงานสามตัวก็บินตรงไปที่มือนั้น ก่อนจะต่อยอย่างเอาเป็นเอาตาย
-1,“โอ๊ย!” คนคนนั้นชักมือออกไปจากรังผึ้ง
1,“สำเร็จแล้ว!” ราชินีผึ้งอุทาน แล้วเสียงร้องหึ่งๆ ก็ดังไปทั่วรัง
0,วันรุ่งขึ้น มีมืออีกมือหนึ่งเอื้อมเข้ามาในรังพยายามจะตักน้ำผึ้งไป
-1,คราวนี้ ผึ้งสิบตัวปรี่เข้าหา หางของมันสั่นระริก
-1,“พวกเจ้ากำลังรออะไรอยู่” ราชินีผึ้งร้อง “ต่อยมันสิ! ต่อยเลย!”
-1,ผึ้งทั้งสิบตัวจึงบินตรงไปที่มือแล้วต่อยเต็มกำลัง เจ้าของมือร้องลั่นด้วยความเจ็บปวด
0,หลังจากนั้น ก็ไม่มีอะไรมาหยุดยั้งเหล่าผึ้งได้อีก
-1,ด้วยความลำพองในอำนาจที่ได้มา พวกมันต่อยคนที่มาขโมยน้ำผึ้ง และต่อยคนที่มาจับรังผึ้ง
-1,หรือแม้กระทั่งคนที่มองรัง ของพวกมันก็ล้วนถูกต่อยกันถ้วนหน้า
0,เทพเจ้าซีอุสไม่รู้เรื่องที่เกิดขึ้น จนวันหนึ่งพระองค์ให้คนรับใช้ไปเก็บน้ำผึ้งมาทาขนมปัง
-1,พอพระองค์พูดถึงน้ำผึ้งคนรับใช้ก็หน้าซีด แต่เขาก็ไม่กล้าจะขัดคำสั่ง
0,“ได้ขอรับ” เขากลืนน้ำลาย แล้วรีบไปที่รังผึ้ง
-1,ครึ่งชั่วโมงต่อมา คนรับใช้พรวดพราดกลับมาที่วัง สภาพของเขาดูแย่มาก มีแผลบวมแดงทั่วแขนขา รวมทั้งใบหน้าด้วย
-1,เขาทรุดตัวลงคุกเข่าต่อหน้าเทพเจ้าซีอุส แล้วระเบิดเสียงร้องไห้ออกมา
0,“เจ้าไปโดนอะไรมา” เทพเจ้าซีอุสอุทาน
-1,“หม่อมฉันพยายามจะหาน้ำผึ้งไว้ทาขนมปังให้พระองค์” คนรับใช้คร่ำครวญ
-1,“หม่อมฉันทำอย่างนั้นจริงๆ แต่ยังไม่ทันได้ไปถึงรัง ก็ถูกพวกผึ้งรุมต่อยจนเป็นอย่างนี้”
-1,“อะไรนะ” เทพเจ้าซีอุสตะโกนก้อง “ข้าให้อาวุธเหล่านั้นเพื่อให้พวกมันเอาไว้ป้องกันตัว ไม่ใช่เอาเที่ยวไล่ต่อยผู้คนไร้เหตุผลอย่างนี้!”
0,เทพเจ้าซีอุสพุ่งตรงไปที่รังของราชินีผึ้ง
1,พอพระองค์เข้าไปใกล้ ผึ้งทั้งหมดก็บินเป็นฝูงออกมาต้อนรับ
-1,แต่เมื่อพวกผึ้งเห็นท่าทางเกรี้ยวกราดของพระองค์แล้ว ก็รีบบินกลับเข้าไปในรังอย่างตื่นกลัว
-1,“กลับมาเดี๋ยวนี้!” เทพเจ้าซีอุสตะโกน
-1,เหล่าผึ้งแอบมองอย่างกลัวๆ
-1,ราชินีผึ้งออกมาข้างนอก ดูอายมากทีเดียว
-1,“พวกเจ้าน่าจะรู้จักละอายกันบ้างนะ” เทพเจ้าซีอุสพูดอย่างโกรธจัด
-1,“เรื่องที่ไม่มีน้ำใจแบ่งน้ำผึ้งให้กับใคร แต่เที่ยวเผื่อแผ่การต่อยให้คนอื่นไปทั่ว
0,ตั้งแต่นี้ต่อไป พวกเจ้าแต่ละตัวจะต่อยได้แค่ครั้งเดียว ครั้งเดียวเท่านั้น
-1,เมื่อเจ้าต่อยไปแล้ว เจ้าไม่เพียงแต่จะเสียความสามารถในการต่อยเท่านั้น แต่เจ้าจะเสียชีวิตอีกด้วย”
0,ผึ้งทุกตัวจำคำของเทพเจ้าซีอุสได้ขึ้นใจ
0,และจากวันนั้นจนถึงวันนี้ พวกผึ้งก็ยอมแบ่งน้ำผึ้งให้คนอื่นเพิ่มมากขึ้น
-1,และพวกมันยังคอยระวังเวลาจะต่อยใครสักคน
-1,“นิทานเรื่องนี้สอนให้รู้ว่า” ให้ทุกข์แก่ท่าน ทุกข์นั้นถึงตัว
0,เต่าบินได้
1,“หลังกินอาหารกลางวัน ข้าอาจจะไปบินเล่นสักหน่อยนะ” เต่าตัวหนึ่งพูดกับเต่าอีกตัว
0,“บินหรือ” เต่าอีกตัวไอแค้กๆ สำลักใบไม้ “นี่เจ้าพูดเรื่องอะไรอยู่น่ะ เต่าบินได้ที่ไหนกัน!”
0,“แล้วเจ้าเคยรู้จักใครที่ได้ลองบินดูรึยังล่ะ” เต่าถาม
0,“ก็ไม่...” เพื่อนตอบ
1,“ถ้าอย่างนั้น” เต่าพูด “เจ้าจะรู้ได้อย่างไรว่าเราบินไม่ได้ เราอาจจะบินเก่งก็ได้นะ”
-1,เพื่อนของมันกะพริบตาช้าๆ “นี่ไม่ใช่ความคิดที่ดีนักหรอก” มันพูด
1,แต่เต่าไม่ฟัง มันมองท้องฟ้าอย่างฝันๆ นึกภาพตัวเองบินร่อนเหมือนนกนางแอ่น
0,“บินขึ้นไปบนยอดไม้” มันพึมพำ “บินเป็นวงกลม อา ใช่แล้ว ข้าแน่ใจว่าคงเป็นความรู้สึกที่ไม่มีอะไรเหมือนได้เลย”
0,เต่าเคี้ยวใบของดอกแดนดิไลออนที่เหลืออย่างครุ่นคิด ก่อนจะค่อยๆลุกขึ้นยืน
0,“ข้ารอต่อไปไม่ได้แล้ว” มันพูด “ข้าจะต้องลงมือทำเดี๋ยวนี้”
0,แล้วเต่าก็มุ่งหน้าไปยังทุ่งโล่ง โดยมีเพื่อนๆของมันเดินตามหลัง
0,เต่าเริ่มต้นด้วยการยืดแข้งขาย่นๆของมันออกทีละข้าง
0,“ข้าจะวิ่งเหยาะๆ ไปทิศนั้น” มันพูด ชี้ไปตามทางผ่านหญ้าต้นยาว “จากนั้นเมื่อข้าวิ่งด้วยความเร็วประมาณห้าสิบไมล์ต่อชั่วโมง ข้าก็จะออกบิน”
0,“งั้นหรือ” เพื่อนของมันพูดอย่างกังขา
0,เต่าถอนหายใจลึกๆ แล้วออกวิ่งตามทางไปอย่างช้าๆ
0,พอมันเริ่มจะคุ้นกับการวิ่ง หนูนาก็วิ่งข้ามถนนตัดหน้า
0,“ระวัง!” เต่าหอบแฮกๆ “เจ้ากำลังอยู่บนทางวิ่งนะ”
1,หนูหยุดวิ่งแล้วหันกลับมามองมันอย่างประหลาดใจ “ทางวิ่งอะไรหรือ”
0,“ข้ากำลังจะบินน่ะ” เต่าอธิบาย
1,“แต่เต่าบินไม่ได้นี่” หนูนาหัวเราะคิกคัก
0,“คอยดูละกัน” เต่าพูด และพยายามส่งตัวเองให้ลอยขึ้นไปบนฟ้า
0,มันยกเท้าหน้าขึ้นเหนือพื้น ดันด้วยขาหลัง...แล้วจมูกของมันก็ร่อนลงบนไม้หนามหย่อมหนึ่ง
1,“นั่นเป็นการบินที่สั้นจัง” หนูนาหัวเราะคิกคัก
0,“เห็นไหมล่ะ” เพื่อนของเต่าร้อง “เต่าน่ะบินไม่ได้ เราไม่ได้ถูกสร้างขึ้นมาให้บิน เลิกคิด แล้วกลับบ้านกันดีกว่า”
0,“ข้าต้องสูงอีกหน่อย” เต่าค้าน และพยายามปลดตัวเองออกจากพุ่มหนาม “ท่าทางเต่าจะออกบินไม่ค่อยเก่งเท่าไร แต่พออยู่บนท้องฟ้าได้แล้ว ก็ไม่มีอะไรจะหยุดยั้งมันได้”
0,“ข้าก็ไม่ค่อยแน่ใจนักหรอก” หนูพูด พร้อมกับส่ายหัว “เต่าไม่มีปีกสักหน่อย เจ้าต้องมีปีกถึงจะบินได้ เหมือนนกไง”
1,“จริงด้วยสิ!” เต่าอุทาน “ทำไมข้าถึงคิดไม่ออกนะ ข้าจะไปขอความช่วยเหลือจากนกสักหน่อย”
-1,เพื่อนของมันคราง “ทำไมเจ้าถึงไม่ฟังพวกเราบ้างนะ” มันพูด “บอกว่าเต่าบินไม่ได้”
-1,แต่เต่าก็ไม่ใส่ใจ มันวุ่นวายกับการเงยหน้ามองหานกบนท้องฟ้า
0,ผ่านไปไม่กี่นาที เต่าก็มองเห็นนกอินทรี มันกำลังโผบินขึ้นสู่ท้องฟ้า
-1,“สวัสดีคนข้างบน!” เต่าตะโกน เสียงดังที่สุดเท่าที่มันจะทำได้
1,นกอินทรีผู้มีหูดีพอๆกับสายตา ก็บินลงมาอย่างสง่างาม มันร่อนลงตรงหน้าพวกเต่าแล้วพับปีกเข้า
0,“มีอะไรให้ข้าช่วยหรือ” นกอินทรีถามเต่า
-1,ลืมคำพูดทุกอย่างเสียสนิท
0,มันไม่เคยเห็นนกอินทรีใกล้ขนาดนี้มาก่อน
1,มันอ้าปากค้าง จ้องมองนกสีทองแสนสวย จนเพื่อนของมันต้องกระทุ้ง
0,“อา – ใช่สิ” เต่าตะกุกตะกัก “เอ่อ – ข้าอยากจะให้เจ้าช่วยเรื่องบินสักหน่อย
0,คือว่า ถ้าเจ้าจะกรุณาละก็ ถ้าข้าขึ้นไปอยู่บนฟ้าได้ก็ไม่มีปัญหาอะไรแล้วละ
-1,แต่ว่าข้ามีปัญหานิดหน่อยตอนขึ้นน่ะ”
0,นกอินทรีเอียงศีรษะไปข้างหนึ่งแล้วจ้องเต่าด้วยตาสีอำพันของมัน
0,“ข้าคิดว่าเต่าบินไม่ได้นะ” นกอินทรีพูด
0,“เต่าไม่บินกันเองต่างหากล่ะ” เต่าอธิบาย “แต่นั่นเป็นเพราะเราลอยตัวขึ้นไปจากพื้นไม่ได้”
0,“บางทีอาจจะมีสาเหตุที่ทำให้ลอยตัวขึ้นไปจากพื้นไม่ได้ก็ได้นะ” นกอินทรีพูด
0,“โอ แต่ว่าเจ้าจะไม่ช่วยข้าเลยหรือ” เต่าขอร้อง 
0,“เจ้าแค่พาข้าขึ้นข้างบน พอถึงระดับความสูงที่เหมาะสม เจ้าก็ปล่อยข้าได้ จากนั้นข้าก็จะจัดการเอง”
1,นกอินทรีมองเต่าด้วยสายตาแหลมคม “ดีมาก ข้าจะช่วยเจ้า”
-1,“ข้าว่าความคิดนี้ไม่ใช่ความคิดที่ดีจริงๆ นะ” เพื่อนของเต่าบ่นพึมพำ
0,นกอินทรีกระพือปีกขนาดมหึมาของมันลอยตัวขึ้นเหนือพื้นดินเล็กน้อย แล้วใช้กรงเล็บจับกระดองเต่าไว้
0,“พร้อมนะ” นกอินทรีถาม
1,“พร้อม!” เต่าตอบอย่างกระตือรือร้น
1,“สบายดีหรือเปล่า” นกอินทรีร้องถาม
0,“ส – บายดี” เต่าตอบ เสียงสั่นเล็กน้อย
0,นกอินทรีบินสูงขึ้นเรื่อยๆ
0,กระทั่งเต่าเห็นเพื่อนของมันเป็นแค่จุดเล็กๆในทุ่งหญ้าข้างใต้
0,นกอินทรีจะปล่อยกรงเล็บเร็วๆนี้แล้ว และเต่าก็จะบินเหมือนนก
-1,จู่ๆความคิดนี้ก็ทำให้เต่ารู้สึกไม่สบายขึ้นมานิดหน่อย
0,“เจ้าแน่ใจหรือว่าเจ้าอยากจะบินได้แบบนี้” นกอินทรีถาม
1,“ถ้าไม่บินตอนนี้ก็ไม่มีโอกาสแล้ว” เต่ากลืนน้ำลาย “เมื่อไรก็ได้ที่เจ้าพร้อม”
1,มันตอบเสียงห้าว พยายามอย่างที่สุดที่ทำน้ำเสียงให้กล้าหาญ
0,นกอินทรีเหลือบตามองทุ่งนาข้างใต้
1,มันประคองตัวอย่างระมัดระวังแล้วจึงปล่อยกระดองเต่า
0,เต่าพุ่งตัวดิ่งลงสู่พื้นด้วยความเร็วสูง
0,มันกระพือขาทั้งสี่ข้าง กระพือแล้วกระพือเล่าอย่างสุดกำลัง แต่ท่าทางจะไม่เกิดผลแต่อย่างใด
1,“มันเป็นเรื่องของเทคนิค” เต่าคิดอย่างมุ่งมั่น
-1,มันพยายามจะยืดคอบินเป็นวงกลม แต่นั่นยิ่งทำให้สถานการณ์แย่ลงไปอีก
-1,เต่าหกคะเมนตีลังกากลับหัวกลับหางอย่างสิ้นหวัง เมื่อพื้นดินพุ่งขึ้นมาหามัน
-1,เต่าเห็นภาพชีวิตของมันวาบขึ้นมา มันคิดโหยหาการเดินเล่นเอื่อยๆในป่า และมื้อกลางวันอันเกียจคร้านที่กินเวลาไปทั้งบ่าย
-1,“ข้าอายุน้อยเกินไปที่จะตาย!” เต่าคร่ำครวญ แล้วหดหัวลงไปในกระดองต่ำลงไปที่พื้นดิน
0,ฝูงสัตว์กลุ่มเล็กๆมารวมตัวกันดูเต่าบิน
-1,พวกมันทั้งหมดมองเขม็งอย่างอกสั่นขวัญแขวน
0,เมื่อเต่าพุ่งตัวลงมาจากท้องฟ้า แล้วหล่นตุ้บเหมือนก้อนหินบนกองฟาง
0,สูงขึ้นไปบนท้องฟ้า นกอินทรีบินวนไปรอบๆอยู่สองสามครั้ง
1,มันมองลงไปที่กองฟาง แล้วก็พยักหน้าอย่างพอใจก่อนจะบินจากไป
-1,“ข้าพยายามห้ามเขาแล้ว” เพื่อนเต่าร้องสะอึกสะอื้น “แต่เขาไม่ฟัง”
0,แล้วจู่ๆเต่าก็โผล่หัวออกมาจากยอดกองฟาง
1,“เจ้ายังมีชีวิตอยู่นี่นา!” หนูนาร้อง
1,“ปาฏิหาริย์จริงๆ!” เพื่อนเต่าร้อง
0,เต่าตะเกียกตะกายออกจากกองฟางอย่างเวียนหัว
0,“เจ้าพูดถูกแล้วรู้ไหม” เต่าพูด
1,“เต่าบินไม่ได้ และถึงอย่างไร” เต่าเสริมพร้อมกับร้อยยิ้มย่นๆ “เราก็ชอบเดินมากกว่า”
-1,“นิทานเรื่องนี้สอนให้รู้ว่า” การไม่รู้จักประมาณตน ย่อมเกิดผลเสียตามมา
0,ต้นอ้อผู้บอบบางกับต้นมะกอก
0,ณ ริมฝั่งแม่น้ำ ต้นอ้อผู้บอบบางกำลังเต้นระบำในสายลมอ่อนๆ โอนเอนไปทางนี้ทีทางนั้นที
1,การเคลื่อนไหวของต้นอ้อช่างสง่างามยิ่งนัก
0,แม้แต่แมลงปอยังอดที่จะหยุดมองตามไม่ได้
0,แมลงปอลอยตัวไม่ไหวติงอยู่กลางอากาศก่อนที่จะเคลื่อนตัวไปตามกระแสน้ำ
1,ต้นมะกอกแข็งแรงที่ยืนอยู่อีกฝั่งแม่น้ำกลับไม่รู้สึกชื่นชมอะไรนัก
-1,“เจ้าช่างเป็นต้นอ้อที่อ่อนแอเสียจริง” มันล้อเลียน
0,“ทำไมเจ้าถึงปล่อยให้ตัวเองถูกผลักไปผลักมาขนาดนั้นล่ะ แค่สายลมอ่อนๆ เจ้าก็ล้มแล้ว เจ้าจะทำอย่างไร ถ้ามีลมพัดมาแรงๆ สักวูบหนึ่ง!”
0,แต่ต้นอ้อไม่ได้โต้ตอบอะไร
1,มันแค่ถอนสายบัวอย่างอ่อนหวานให้กับลมอ่อนๆ ระลอกใหม่ที่พัดผ่านไป พร้อมกับเต้นระบำอย่างเบิกบานตลอดทั้งบ่าย
0,หลายวันผ่านไป หลังจากที่ดอกไม้ได้พับกลีบเตรียมพร้อมสำหรับฤดูหนาว ลมจากทางเหนือก็เริ่มพัดแรง จนเมฆลอยครึ้มทั่วท้องฟ้าอย่างรวดเร็ว
0,ลมพัดกระหน่ำเข้ามาในทุ่งหญ้าที่ต้นมะกอกอยู่
0,ลมพัดกระแทกต้นมะกอกและทำให้กิ่งไม้เสียดสีกัน
1,“ยืนให้มั่นคง ต้นอ้อน้อย!” ต้นมะกอกร้อง “ยืนให้มั่นคงเหมือนข้า ไม่อย่างนั้นจะถูกพัดลอยหายไป” แล้วต้นมะกอกก็เตรียมยืนตัวแข็งต้านลมแรง
1,ต้นอ้อไม่ได้พูดอะไร มันปะทะกับสายลมด้วยการโค้งตัวอย่างนอบน้อม แล้วปล่อยให้สายลมพัดต้นอ้อไปมา โค้งตัวไปทางนั้นทีทางนี้ที
1,ต้นอ้อเต้นระบำอย่างงดงามกว่าทุกครั้ง
-1,ลมพัดแรงขึ้นเรื่อยๆ ถลาวูบมาปะทะกิ่งของต้นมะกอกอย่างรุนแรง แต่ต้นไม้ที่ดื้อรั้นก็ปฏิเสธที่จะโค้งตัว
-1,“ข้าจะไม่มีวันยอมเจ้าหรอก!” ต้นมะกอกตะโกนอย่างไม่เชื่อฟัง แล้วตอนนั้นเองก็เกิดเสียงดังเปรี๊ยะขึ้น เมื่อกิ่งมะกอกกิ่งหนึ่งหักครึ่ง
-1,“กล้าดียังไง!” มันร้อง ตัวสั่นด้วยความโกรธที่ทำอะไรไม่ได้ แต่ลมกลับเร่งความเร็วพัดผ่านทุ่งหญ้าไป
0,เมื่อพายุสงบลง ต้นมะกอกก็นึกถึงต้นอ้อน้อยขึ้นมาก
-1,“ถ้าลมพัดกิ่งไม้ที่แข็งแรงของข้าหักได้” ต้นมะกอกพึมพำ พลางมองข้ามแม่น้ำไป “ต้นอ้อที่อ่อนแอต้นนั้นคงตายไปนานแล้ว”
1,แต่ต้นมะกอกรู้สึกประหลาดใจอย่างยิ่งที่พบว่า ต้นอ้อยังอยู่ที่เดิม ยิ่งไปกว่านั้น ต้นอ้อก็ไม่เหน็ดเหนื่อยแต่อย่างใด เพราะมันโอนอ่อนตามแรงลม
1,มันยืนอยู่ที่ฝั่งตรงข้าม ยังคงเต้นระบำอย่างร่าเริง
1,“นิทานเรื่องนี้สอนให้รู้ว่า” ผู้ที่รู้จักการผ่อนปรน ย่อมจะปลอดภัย
1,คนตัดไม้ผู้ซื่อสัตย์
1,ระหว่างที่คนตัดไม้กำลังตั้งอกตั้งใจตัดต้นไม้ใหญ่ต้นหนึ่งอยู่
0,ขวานของเขาก็หลุดจากมือ หล่นตูมลงไปในแม่น้ำใกล้ๆ ก่อนจะถูกพัดไปตามกระแสน้ำที่ไหลแรง
0,“โอ ไม่นะ!” คนตัดไม้ร้อง
0,เขาคุกเข่าลงแล้วยื่นมือลงไปในน้ำ แต่กระแสน้ำที่ไหลแรงเกือบจะพัดเขาให้หล่นลงไปด้วย
0,ขวานของเขาลอยห่างไปไกล
-1,“ข้ามีขวานอยู่แค่ด้ามเดียว” เขาคร่ำครวญ “ทีนี้ข้าจะใช้อะไรตัดไม้ล่ะ ถ้าข้าตัดไม้ไม่ได้ ข้าก็หาเงินไม่ได้ แล้วข้าจะเลี้ยงดูครอบครัวได้อย่างไรกัน”
-1,เขารู้สึกสิ้นหวังจนทรุดตัวลงนั่งเอามือปิดหน้าแล้วร้องไห้ออกมา
1,เวลาผ่านไปไม่นาน คนตัดไม้ได้ยินเสียงที่อ่อนโยนพูดขึ้นว่า “ขอโทษนะ”
0,เขาเงยหน้าขึ้นก็เห็น เทพเจ้าเฮอร์มีสยืนอยู่ตรงหน้า
-1,คนตัดไม้ผู้น่าสงสารไม่เคยเห็นเทพเจ้ามาก่อน
1,เขาจ้องเทพเจ้าเฮอร์มีสด้วยความประหลาดใจยิ่งนัก
1,“เจ้าร้องไห้ทำไมหรือ” เทพเจ้าเฮอร์มีสถามด้วยความเมตตา
-1,“ข้าทำขวานหล่นลงไปในแม่น้ำโดยไม่ได้ตั้งใจ” คนตัดไม้เล่าให้ฟังอย่างเศร้าๆ
-1,“ไม่มีขวาน ข้าก็ตัดต้นไม้ไม่ได้ แล้วถ้าข้าตัดต้นไม้ไม่ได้ ข้าก็หาเงินมาซื้ออาหารไม่ได้ แล้วลูกของข้าก็จะอดตาย”
0,“บางทีข้าอาจจะช่วยเจ้าได้” เทพเจ้าเฮอร์มีสพูด แล้วพระองค์ก็ดำลงไปในแม่น้ำ
1,ชั่วครู่ต่อมา พระองค์ก็โผล่ขึ้นมาห่างจากจุดเดิมเพียงเล็กน้อย ในมือมีขวานทองคำขนาดใหญ่งดงามด้ามหนึ่ง
0,“ด้ามนี้ใช่ของเจ้าหรือไม่” เทพเจ้าเฮอร์มีสร้องถาม
1,“ไม่ใช่ขอรับ” คนตัดต้นไม้ตอบ “ขวานของข้าไม่ได้สวยขนาดนี้เลย”
1,เทพเจ้าเฮอร์มีสหายไปใต้น้ำอีกครั้ง ก่อนจะนำขวานเงินที่แกะสลักอย่างงดงามขึ้นมาอีกด้านหนึ่ง
0,“แล้วด้ามนี้ล่ะ” พระองค์ถาม
0,คนตัดไม้สั่นศีรษะ “ด้ามนั้นก็ไม่ใช่ของข้าอีกเช่นกัน” เขาพูด “ขวานของข้าทำมาจากเหล็กกับไม้แค่นั้นเอง”
0,เทพเจ้าเฮอร์มีสหายไปอีกครั้ง คราวนี้พระองค์กลับขึ้นมาพร้อมกับขวานของคนตัดไม้ในมือ
1,“ด้ามนี้แหละขอรับ!” คนตัดไม้ร้องพร้อมกับกระโดดด้วยความดีใจ
0,เทพเจ้าเฮอร์มีสปีนขึ้นมาจากแม่น้ำแล้วยื่นขวานคืนให้คนตัดไม้
1,“ขอบคุณขอรับ” คนตัดไม้ยิ้มแป้น “มันอาจไม่ได้ทำจากทองหรือเงิน แต่สำหรับข้าแล้วมันมีค่ามากกว่าทรัพย์ใดๆ ในโลกเสียอีก”
1,เทพเจ้าเฮอร์มีสยิ้ม “เพื่อเป็นรางวัลตอบแทนความซื่อสัตย์ของเจ้า”
0,พระองค์พูด “นอกจากขวานด้ามนี้แล้ว ข้าจะยกขวานทองและขวานเงินให้เจ้าด้วย”
1,คนตัดไม้แทบไม่เชื่อในความโชคดีของตนเอง “ขอบคุณเป็นล้านๆ ครั้งเลยขอรับ”
0,เขาร้อง แล้ววิ่งกลับไปเล่าสิ่งที่เกิดขึ้นให้ครอบครัวฟัง
1,ระหว่างทางกลับบ้าน เขาชนกับคนตัดไม้อีกคนหนึ่ง เพราะความตื่นเต้น
1,คนตัดไม้เล่าเรื่องความโชคดีของเขาให้ชายผู้นั้นฟังจนหมด หลังจากพวกเขาแยกย้ายกัน
0,คนตัดไม้อีกคนก็คิดในใจว่า “บางทีข้าอาจจะได้ขวานทองคำและขวานเงินโดยไม่ต้องลงแรงอะไรเลยก็ได้”
1,เขาเดินไปที่ริมฝั่งแม่น้ำเพื่อจะลองเสี่ยงโชค
0,ไม่มีเงาของเทพเจ้าเฮอร์มีสหรือใครอื่น
0,เขาจึงตัดสินใจโยนขวานลงไปในแม่น้ำ แล้วรอเทพเจ้าปรากฏตัวขึ้น
0,ไม่มีใครมาเลย
-1,“บางทีเทพเจ้าอาจจะมา ถ้าข้าร้องไห้” คนตัดไม้คิด
-1,เขาก็เลยร้องไห้เสียงดังที่สุดเท่าที่จะทำได้
1,เทพเจ้าเฮอร์มีสปรากฏตัวขึ้นตรงหน้าเขา ทำให้เขาดีใจเป็นที่สุด
0,คนตัดไม้แอบดูเทพเจ้าจากช่องว่างระหว่างนิ้วมือ
1,“เกิดอะไรขึ้นหรือ” เทพเจ้าเฮอร์มีสถามด้วยความเมตตา
-1,“ข้าทำขวานหล่นลงไปในแม่น้ำ” คนตัดไม้ร้องไห้เหมือนเด็กๆ “ท่านช่วยข้างมขวานขึ้นมาได้ไหม”
0,“ได้สิ” เทพเจ้าเฮอร์มีสตอบ แล้วพระองค์ก็ดำลงไปในน้ำ
1,คนตัดไม้ถูมืออย่างตื่นเต้นดีใจ “รวยแล้วเรา!” เขาพึมพำ
0,ครู่ต่อมา เทพเจ้าเฮอร์มีสโผล่ขึ้นมาห่างจากจุดเดิมไปเล็กน้อย ถือขวานทองคำด้ามงามขึ้นมา
0,“ด้ามนี้ใช่หรือไม่” พระองค์ร้องถาม
1,“ใช่แล้วขอรับ” คนตัดไม้ร้อง “ด้ามนั้นแหละของข้า”
0,เทพเจ้าเฮอร์มีสเดินลุยน้ำไปที่ริมฝั่งแล้วปีนขึ้นมา
0,“เจ้าแน่ใจหรือ” พระองค์ถามซ้ำ
0,นำขวานเข้าไปใกล้คนตัดไม้เพื่อที่เขาจะได้เห็นชัดเจนยิ่งขึ้น
1,นัยน์ตาของคนตัดไม้เป็นประกายเมื่อเห็นทองคำมีค่า “ใช่แล้ว ใช่แล้วท่าน”
1,เขาพูดอย่างกระตือรือร้น “ของข้าแน่ๆ” เขาเอื้อมมือออกไปรับขวาน
-1,เทพเจ้าเฮอร์มีสก้าวถอยหลังแล้วขมวดคิ้ว “เจ้าโง่!”
-1,พระองค์พูด “ด้วยความโลภมากของเจ้า เจ้าไม่เพียงแต่เสียขวานของเจ้าเอง แต่เจ้ายังเสียขวานด้ามนี้ด้วย”
-1,พูดจบ เทพเจ้าเฮอร์มีสก็โยนขวานไปด้านหลังอย่างไม่ใส่ใจ แล้วเดินหายไปในหมู่ต้นไม้
0,คนตัดไม้คอตกเมื่อเขามองขวานทองคำเป็นประกายอยู่ในอากาศหล่นตูมลงไปในน้ำแล้วกลืนหายไปในฟองคลื่น
0,เขาไม่เคยได้เห็นขวานนั้นอีกเลย
1,“นิทานเรื่องนี้สอนให้รู้ว่า” ผู้ที่ซื่อสัตย์ ย่อมได้รับผลดีตอบแทน
0,ต้นไม้แปลงร่าง
0,ฟรองซัวส์ เลอ เกลาเอค
1,เช้าวันหนึ่ง ณ ป่าที่เคยเงียบสงบ
0,คนกลุ่มหนึ่งกำลังส่งเสียงอึกทึก
0,พวกเขาดูแผนที่ วัดระยะและป้ายเครื่องหมายสีแดงบนต้นไม้
-1,พวกต้นไม้พากันตกใจ พวกมันยืนนิ่งไม่กล้ากระดุกกระดิก
0,เมื่อคนพวกนั้นจากไป ลมวูบใหญ่ก็พัดมา
-1,เป็นลมของต้นไม้ทั้งหลายที่ถอนหายใจเมื่ออยู่ตามลำพัง
0,ต้นไม้ต่างมองดูกันและกัน
0,ต้นเกาลัดซึ่งแก่ที่สุดในป่าและเป็นผู้ที่ต้นไม้ทุกต้นให้ความนับถือพูดขึ้นว่า
0,“นี่เป็นเครื่องหมายที่คนตัดต้นไม้เขาใช้ ทุกปีเขาจะเลือกต้นไม้ในป่าของพวกเขาไปเข้าโรงเลื่อย”
0,“ฉันไม่อยากไป ฉันยังเด็กอยู่เลย ไม่ใช่ต้นใหญ่อย่างลุงสักหน่อย” ต้นสนต้นหนึ่งพูด
0,ต้นไม้ทุกต้นเริ่มเข้าใจแล้วว่าอะไรจะเกิดขึ้นแก่ต้นไม้ที่ถูกป้ายสีแดง
-1,ต้นเกาลัดใหญ่พูดขึ้นว่า “อย่าเศร้าไปเลยต้นสนน้อย
1,เรากำลังจะเจอเรื่องใหม่ๆที่น่าตื่นเต้นในชีวิตนะ”
0,“ฉันไม่เห็นอยากจะเจอเลยนี่ ฉันอยากอยู่ในป่านี้ นี่เป็นบ้านของเรา”
0,“ฉันเข้าใจเธอ แต่สิ่งใหม่ๆกำลังรอเธออยู่ พวกฉันก็ต้องไปเหมือนกัน
1,เธอต้องทำใจยอมรับสภาพที่จะเกิดขึ้น”
0,พอเช้าตรู่ คนงานก็กลับมาเอาเพื่อนๆของมันไป
0,ลำต้นและกิ่งไม้ถูกบรรทุกไปในรถต้นเกาลัดใหญ่และต้นสนน้อยได้พบกันอีกครั้งที่ประตูโรงเลื่อย
1,“เป็นไง หนูน้อย เรากำลังเดินทางผจญภัยครั้งใหญ่กันแล้ว ไม่ต้องกลัว ฉันอยู่ใกล้ๆเธอนี่เอง”
-1,สนน้อยกลั้นน้ำตาไว้เพราะมันไม่มีกิ่งใบจะซ่อนน้ำตาอีกแล้ว
0,ทั้งสองถูกยกไปใส่ในเครื่องจักรพร้อมกับซุงต้นอื่นซึ่งถูกสับเป็นชิ้นเล็กชิ้นน้อย
0,“ลุงเกาลัด ลุงยังอยู่หรือเปล่า”
-1,“อยู่นี่ ฉันจะเจอกับเธอในถัง” เสียงสั่นๆตอบมา
1,“ที่นี่ดีจัง” ต้นสนกล่าว
1,“ลุงว่าเขาจะเก็บเราไว้ในถังนี้นานไหม มันสบายดีนะ น้ำก็อุ่นเหมือนฤดูร้อนในป่าของเราเลย”
-1,หลายวันผ่านไป จนกระทั่งเช้าวันหนึ่ง ต้นสนน้อยก็ร้องขึ้น
1,“ลุงเกาลัด ฉันถูกใส่กาวแล้ว เส้นใยทุกเส้นในตัวฉันติดกันไปหมด” ต้นไม้ชราหัวเราะ
0,“ถูกแล้ว เด็กน้อยเธอกำลังจะกลายเป็นสิ่งใหม่ เธอเคยเป็นต้นไม้แต่ตอนนี้เป็นกระดาษแล้ว”
1,“วิเศษเลย แล้วทีนี้ฉันจะไปที่ไหนต่ออีกล่ะ”
0,“ถึงเวลาต้องลากันแล้ว เราต้องแยกทางกันตรงนี้ เธอจะไปกับกระดาษอื่นๆอีกจำนวนมาก จะเข้าไปในเครื่องจักรเพื่อทำให้เป็นหนังสือพิมพ์ หนังสือเล่ม หรือกระดาษห่อของ หรือมิฉะนั้นก็เป็นกระดาษแข็ง”
0,“ถ้าฉันอยากเป็นหนังสือเรียนหรือสมุดล่ะ ฉันต้องทำอย่างไร”
0,“ก็ต้องฟอกตัวให้ขาวมากๆ”
1,ดังนั้น ต้นสนน้อยจึงเปลี่ยนไปเป็นอุปกรณ์การเรียนของเด็กชายเล็กๆคนหนึ่ง ซึ่งทำหมึกหยดเป็นดวงโตลงไปบนแถวตัวอักษร ก-ไก่ ข-ไข่ อันสวยงาม
1,วันหนึ่ง เด็กชายก็ลอกบทกวีเกี่ยวกับป่าลงไป ซึ่งทำให้สมุดเล่มน้อยปลื้มใจมาก
0,“เด็กน้อยจงจำรำลึกไว้ กระดาษขาวที่ใช้อยู่นั่นหนา
0,ต้นสนน้อยและเพื่อนเดินทางมา จากในป่าให้พวกเราได้ใช้งาน
1,จงระวังชั่งใจใช้กระดาษ เพราะอาจประหยัดได้มหาศาล
0,ถ้ากระดาษแผ่นใดไม่ใช้การ ก็อย่าพาลแชเชือนทิ้งเกลื่อนไป
0,กระดาษเก่าเหล่านี้ยังมีค่า หากนำมาประดิษฐ์ผลิตใหม่
0,เป็นหนทางช่วยรักษาป่าวิไล ให้คงไว้ถึงวันหน้าอย่าลืมเอย”
0,ห้องสมุดบินได้
0,ทวีวัฒน์ โพธิรัชต์
1,ณ ห้องสมุดเล็กๆกลางสวนดอกไม้งาม บนเนินเขา
1,มีคุณยายใจดีคนหนึ่งเป็นบรรณารักษ์ผู้ก่อตั้งห้องสมุดแห่งนี้ขึ้นมาด้วยความรัก
0,คุณยายชอบอ่านหนังสือทุกประเภทมาตั้งแต่เด็กๆ ห้องสมุดแห่งนี้จึงเต็มไปด้วยหนังสือที่อ่านและสะสมมาตลอดชีวิต
1,เด็กๆและชาวบ้านทุกคนก็รักการอ่านและรักห้องสมุดแห่งนี้มาก เพราะความเอาใจใส่และคอยแนะนำหนังสือดีๆของคุณยายนั่นเอง
1,คืนวันหนึ่ง ท่ามกลางความเงียบสงัด หลังจากคุณยายกลับบ้านไปพักผ่อน
0,แล้ว จู่ๆก็มีเสียงหนังสือหล่นจากชั้นดังแปะ!
0,เจ้าหนังสือนิทานเล่มน้อยนั่นเอง มันกระโดดไปตามพื้นห้องท่ามกลางความมืด
0,สักครู่ก็มีเสียงเปิดสวิตช์ไฟดังขึ้น แล้วหลอดไฟภายในห้องก็สว่างจ้า
0,“เอ่อ” เจ้าหนังสือนิทานเอ่ยขึ้น
0,มันกระโดดออกมายืนกลางห้อง แล้วพูดเสียงดังขึ้น“ขอโทษทุกๆ เล่มด้วยนะครับที่ต้องปลุกขึ้นมากลางดึกแบบนี้ แต่ว่าผมมีเรื่องสำคัญจะประกาศให้ทราบ”
0,“ดึกป่านนี้แล้วใครมีเรื่องอะไรกันเนี่ย” หนังสือทุกเล่มงัวเงียลืมตาตื่นขึ้นมา หลายเล่มขยี้ตาแล้วทำท่าจะหลับต่อ
0,“คือว่า ผมได้ยินมาว่าห้องสมุดแห่งนี้อาจจะไม่มีอยู่อีกต่อไป” หนังสือนิทานประกาศเสียงดัง
-1,บรรดาหนังสือที่ยังคงงัวเงียอยู่ตาสว่างทันที แล้วก็เกิดเสียงพูดคุยพึมพำไปทั่วห้อง
1,“จุ๊ๆ ทุกคนอยู่ในความสงบ” หนังสือประวัติศาสตร์เก่าคร่ำคร่าเล่มหนึ่งส่งเสียงเตือน ทั้งห้องเงียบลงทันที
-1,“อย่าลืมสิว่าที่นี่คือห้องสมุด 
0,เพราะฉะนั้นกรุณาอย่าส่งเสียงดัง ว่าต่อไปสิเจ้านิทานเล่มน้อยมันเกิดอะไรขึ้น”
0,“เมื่อวานนี้มีเด็กผู้ชายคนหนึ่งมายืมผมกลับไปอ่านที่บ้าน” หนังสือนิทานเริ่มเล่า
0,“หลังจากยืมและเก็บผมใส่กระเป๋าแล้ว ผมได้ยินคุณบรรณารักษ์บอกกับเด็กว่า คุณยายอาจจะต้องเลิกดูแลห้องสมุดแห่งนี้
-1,เพราะท่านอายุมากและสุขภาพไม่ค่อยดี เดินทางมาห้องสมุดไม่ไหว และไม่มีใครดูแลต่อได้ ห้องสมุดแห่งนี้จึงอาจจะต้องปิดตัวลง”
0,“มันเป็นเรื่องธรรมดาของธรรมชาติ สิ่งใดเคยมีอยู่สักวันก็ต้องดับสูญไป” หนังสือธรรมะให้ความเห็น
1,“ผมรู้” หนังสือนิทานพูดต่อ “และผมก็รู้ด้วยว่าคุณยายรักห้องสมุดนี้มาก เพราะเป็นผู้ก่อตั้งและดูแลมาแสนนาน
1,ห้องสมุดนี้เป็นที่รักของคนทั้งเมือง โดยเฉพาะเด็กๆที่มาอ่านนิทานกันอย่างสนุกสนาน
-1,เด็กผู้ชายที่ยืมผมไปเมื่อวาน หลังจากอ่านนิทานจบก็ร้องไห้เพราะจะไม่ได้มาห้องสมุดอีกแล้ว” หนังสือนิทานเสียงสั่น น้ำตาเริ่มคลอ
-1,“ผมสงสารเด็กคนนั้นมากจึงเผลอพูดกับเขา ทั้งๆ ที่รู้ว่าผิดกฎของพวกเราที่ห้ามเปิดเผยว่าหนังสือทุกเล่มมีชีวิตจิตใจ และสามารถพูดได้”
0,“เอ่อ...ไม่เป็นไรหรอก” หนังสือกฎหมายแง้มตู้กระจกออกมาให้ความเห็น “บางสถานการณ์กฎก็อนุโลมกันได้นะ”
0,“ถ้าห้องสมุดปิดตัวลงจริงๆ หนังสืออย่างเราคงต้องแปรสภาพเป็นถุงกระดาษ หรือไม่ก็ถูกย่อยสลายนำกลับไปผลิตเป็นกระดาษว่างเปล่า
1,นั่นอาจจะดีต่อโลก แต่น่าเสียดายความรู้ที่อยู่ในตัวพวกเรา” หนังสือสิ่งแวดล้อมออกความเห็น
0,“ผมได้ปรึกษากับเด็กคนนั้นแล้ว” หนังสือนิทานพูดต่อ “คืนนี้เด็กๆ และชาวบ้านจะมาประชุมร่วมกับพวกเรา”
1,เมื่อมองออกไปนอกหน้าต่างท่ามกลางความมือมิด เห็นแสงไฟค่อยๆปรากฏขึ้นทีละดวงๆ ใกล้เข้ามาเรื่อยๆ ชาวบ้านและเด็กๆนั่นเอง ทุกคนเดินทางมาด้วยความรักที่มีให้แก่ห้องสมุดแห่งนี้ ทั้งหมดเข้าไปนั่งประชุมรวมกับหนังสืออย่างอบอุ่น
0,ทุกคนลงความเห็นว่าจะต้องช่วยกันเพื่อให้มีห้องสมุดแห่งนี้ต่อไป
0,แต่ไม่ว่าจะอย่างไร คุณยายก็คงเดินทางมาห้องสมุดทุกวันไม่ไหวแน่ๆ
0,ความคิดมากมายถูกเสนอขึ้นมาแต่ก็ยังไม่เป็นที่ถูกใจของทุกคน
1,“หรือว่าความจริงคุณยายควรจะพักผ่อน” หนังสือเกี่ยวกับสุขภาพตั้งข้อเสนอ
1,“ในเมื่อคุณยายอายุมากแล้ว อาจจะดีกว่าถ้าให้คุณยายเลิกดูแลห้องสมุด”
0,“ชีวิตของคุณยายคือห้องสมุดแห่งนี้” คุณตาหนังสือประวัติศาสตร์แย้ง
1,“ในฐานะที่ฉันเป็นหนังสือเก่าแก่ที่สุดในนี้ และเป็นสมบัติของครอบครัวนี้มาตั้งแต่คุณยายยังไม่เกิด และเห็นคุณยายเติบโตมากับหนังสือมากมายตลอดชีวิต ขอยืนยันว่าการได้ดูแลห้องสมุดแห่งนี้เป็นความสุขของคุณยายจริงๆ”
0,“เอาอย่างนี้มั้ยล่ะ” หนังสือนิยายเสนอขึ้น “เราจะสร้างห้องสมุดแห่งนี้เป็นห้องสมุดบินได้ เท่านี้ คุณยายก็ไม่ต้องเดินทางให้เหนื่อยอีกต่อไป”
0,เด็กๆตาเป็นประกาย เมื่อได้ยินคำว่าห้องสมุดบินได้
0,“อยู่ดีๆ ห้องสมุดจะบินได้ยังไงกัน พวกเรามาคิดถึงเรื่องที่เป็นไปได้ดีกว่านะ” คุณป้าขายข้าวแกงแย้งขึ้น
1,“เป็นไปได้สิครับ” ชายหนุ่มคนหนึ่งลุกขึ้นยืนให้ความเห็น
1,“ผมเป็นวิศวกรก็เพราะแรงบันดาลใจจากการอ่านหนังสือในห้องสมุดนี้ตั้งแต่เด็ก ผมจะใช้ความรู้ความสามารถในด้านวิศวกรรม
0,ถ้าพวกเราทุกคนและหนังสือทุกเล่มช่วยกันใช้ความรู้ที่มี เราต้องสร้างห้องสมุดบินได้ให้คุณยายได้แน่ๆ”
1,“ผมเห็นด้วย” นักวิทยาศาสตร์พูดขึ้นบ้าง “จริงๆ แล้วตอนเด็กๆ ผมเรียนไม่เก่งและไม่ชอบอ่านหนังสือเลย แต่คุณยายบรรณารักษ์แนะนำให้อ่านหนังสือแสนสนุกมากมาย และพอเริ่มสนใจเรื่องราวในหนังสือวิทยาศาสตร์ผมก็ตั้งใจเรียน และได้เป็นนักวิทยาศาสตร์ นั่นไงเพื่อนรักของผม”
1,หนังสือวิทยาศาสตร์เก่าๆ ที่แอบอยู่หลังตู้หนังสือได้ฟังก็ซาบซึ้งจนน้ำตาไหล กระโดดออกมาสู่อ้อมกอดของนักวิทยาศาสตร์ทันที
-1,“เอาล่ะหยุดร้องไห้เถอะ” นักวิทยาศาสตร์ปลอบ “นายเป็นหนังสือนะ เดี๋ยวก็เปียกหมดหรอก”
1,นักบินวัยกลางคนจูงมือหนังสือเกี่ยวกับเครื่องบินออกมากลางห้อง “ผมอยากเป็นนักบินก็เพราะชอบดูรูปเครื่องบินจากหนังสือเล่มนี้
1,วันนี้ผมกับเพื่อนรักจะช่วยกันดูแลเรื่องการบินของห้องสมุดให้เอง”
1,“ขอบคุณครับทุกคนขอบคุณแทนคุณยายด้วย” หนังสือนิทานเล่มน้อยพูดขึ้น “พรุ่งนี้เราจะเริ่มลงมือกันเลยนะครับ”
0,“ไชโย” ทุกคนร้องขึ้นพร้อมกัน
0,หนังสือประวัติศาสตร์ยกมือกุมขมับ “บอกแล้วว่าอย่าเสียงดังในห้องสมุด”
0,และแล้วการสร้างห้องสมุดบินได้ก็เริ่มขึ้นในเช้าวันต่อมา
0,วันนี้เป็นวันหยุดประจำสัปดาห์ คุณยายจึงไม่ได้มาที่ห้องสมุด
0,หนังสือในหมวดวิทยาศาสตร์ และการบินจับกลุ่มปรึกษากับวิศวกร นักวิทยาศาสตร์ และนักบินถึงวิธีการดัดแปลงให้ห้องสมุดสามารถบินขึ้นไปบนฟ้าได้
0,ช่างก่อสร้างเตรียมวัสดุอุปกรณ์ในการก่อสร้างร่วมกับหนังสือในหมวดงานช่าง
0,เด็กๆช่วยกันทำความสะอาดและซ่อมแซมหนังสือเก่าแก่ทั้งหลายอย่างทะนุถนอม
0,“หิวหรือยังทุกๆ คน” คุณป้าขายข้าวแกงเข็นรถกับข้าวเข้ามา ในภาชนะแต่ละใบเต็มไปด้วยข้าวปลาอาหารน่ากิน
0,รู้หรือเปล่าว่าเบื้องหลังความอร่อยของร้านข้าวแกงประจำเมืองมาจากตำราอาหารในห้องสมุดนี้
1,“และฉันก็ยังมีความจำเป็น ยิ่งป้าใกล้ถึงวัยขี้หลงขี้ลืมแล้วด้วย” หนังสือตำราอาหารแซวคุณป้าทำให้ทุกคนหัวเราะเป็นที่ขบขัน
1,หลังจากกินอาหารกันอย่างเอร็ดอร่อยแล้วทุกคนก็ช่วยกันทำงานต่อ พวกช่างเริ่มลงมือสร้างส่วนปีกติดให้ห้องสมุด โดยมีวิศวกรกับหนังสือคู่ใจช่วยออกแบบและควบคุมดูแลการสร้าง นักวิทยาศาสตร์กับช่างเครื่องยนต์ได้ช่วยกันติดตั้งเครื่องยนต์ โดยมีหนังสือตำราร่วมให้คำปรึกษา ส่วนนักบินกำลังออกแบบระบบควบคุมการบินให้คุณยายสามารถบังคับได้อย่างสบายด้วยปุ่มเพียงปุ่มเดียว
1,“ไหนๆ เราจะทำให้ห้องสมุดบินได้แล้ว เราก็ถือโอกาสซ่อมแซมตกแต่งให้สวยงามไปด้วยเลยดีกว่า” หนังสือศิลปะออกความเห็น
1,ทุกคนเห็นด้วยจึงมอบหมายให้หนังสือศิลปะช่วยออกแบบและเลือกสี ชาวบ้านและเด็กๆช่วยกันทาสีห้องสมุดจนสวยงาม
1,“น่าจะมีดอกไม้ตกแต่งให้บรรยากาศสดชื่นเวลาอ่านหนังสือด้วยนะ” หนังสือภาพดอกไม้เสนอ
1,ชาวสวนรีบไปหาดอกไม้สวยๆ มาตกแต่งบนโต๊ะและชั้นหนังสือทันที
1,ทุกๆคนช่วยกันทำงานคนละไม้คนละมือตามความถนัดของตน เย็นวันนั้นห้องสมุดก็ถูกปรับปรุงจนเสร็จ ปีกและเครื่องยนต์ติดตั้งพร้อมสำหรับทำการบินได้อย่างปลอดภัย ทั้1ภายนอกและภายในตกแต่งทาสีสวยงาม มีดอกไม้สวยประดับประดา
1,ชั้นและตู้ใส่หนังสือถูกซ่อมแซมให้แข็งแรงและทาสีใหม่ หนังสือทุกเล่มทยอยเดินเรียงแถวกันเข้าประจำที่ในหมวดหมู่ของตนเองอย่างเป็นระเบียบ
1,ชาวบ้านต่างทยอยกันเข้ามาชื่นชมห้องสมุดโฉมใหม่ที่สำเร็จได้ด้วยความร่วมมือร่วมใจของทุกคน
1,“ขอบคุณมากครับทุกๆ คน” หนังสือนิทานเล่มน้อยออกมายืนกลางห้อง “ขอบคุณแทนคุณยายบรรณารักษ์ ขอบคุณแทนเด็กๆที่จะได้มีห้องสมุดไว้อ่านหนังสือต่อไป”
1,“ผมดีใจที่จะได้อ่านหนังสือนิทานสนุกๆ อีก” เด็กชายผู้เคยร้องไห้ตอนที่รู้ข่าวว่าจะปิดห้องสมุดเดินออกมา อุ้มหนังสือนิทานไว้อย่างทะนุถนอม
1,คุณตาหนังสือประวัติศาสตร์ถามขึ้นว่า “เด็กน้อย ไหนลองบอกตาหน่อยสิว่า เธอได้รับแรงบันดาลใจอะไรจากหนังสือบ้าง”
1,“ผมอยากเป็นนักเขียนนิทานครับ ห้องสมุดจะได้มีนิทานดีๆ สนุกๆ ให้เด็กๆ ได้อ่านเรื่อยไปไม่มีวันสิ้นสุด”
1,พอสิ้นเสียงของเด็กชายทุกคนในห้องสมุดและหนังสือทุกเล่มต่างพากันปรบมือชื่นชมในความสำเร็จร่วมกันเสียงดังสนั่น ทุกใบหน้ามีแต่รอยยิ้มเบิกบาน
0,“ถ้างั้นพวกเราขับห้องสมุดบินไปบ้านคุณยายกันเลย” นักบินประกาศ
1,ทุกคนส่งเสียงไชโยพร้อมกันอีกครั้ง
0,นักบินกดปุ่มที่โต๊ะคุณยายบรรณารักษ์เพียงหนึ่งครั้ง ปีกเล็กๆก็ยื่นออกมาจากด้านข้างของห้องสมุด เกิดแรงขับดันด้านล่างค่อยๆยกตัวห้องสมุดขึ้นช้าๆ ลอยขึ้นสู่ท้องฟ้าเบื้องบน
1,คืนนั้น คุณยายบรรณารักษ์นอนหลับพักผ่อนอยู่บนเตียงนุ่มสบาย ก่อนหลับคุณยายยังนึกเป็นห่วงห้องสมุดว่าจะไม่มีใครดูแล ไม่มีใครคอยแนะนำเด็กๆให้อ่านหนังสือ
0,แต่ถ้าคุณยายตื่นขึ้นมาตอนนี้และมองออกไปนอกหน้าต่างจะเห็นห้องสมุดหลังหนึ่งกางปีกข้ามฟ้ามาอย่างช้าๆค่อยๆลดระดับลงจอดข้างหน้าต่างห้องคุณยาย
0,สายตาหลายสิบคู่ของชาวบ้านและเด็กๆ และสายตานับพันของหนังสือเต็มห้องสมุดต่างมองมายังคุณยายอย่างขอบคุณ
1,พรุ่งนี้ตอนเช้า เด็กๆจะไปยืนรอที่เดิม แหงนหน้ามองท้องฟ้ารอให้คุณยายบังคับห้องสมุดบินร่อนลงบนเนินเขากลางสวนดอกไม้ ที่ซึ่งคุณยายกับห้องสมุดเล็กๆ ให้ความรู้ ความสุข สนุกสนาน และแรงบันดาลใจแก่ทุกคนตลอดมา
0,สะพานลอยเกเรกับเจ้าด่าง
0,พงศกร เถาทอง
-1,ณ ถนนสายหนึ่งใจกลางมหานคร ถนนสายนี้มีหกเลน รถราวิ่งกันขวักไขว่ และที่นี่มีสะพานลอยข้ามถนนอยู่แห่งหนึ่ง เป็นสะพานลอยนิสัยเกเร ชอบแกล้งคนที่ข้ามสะพานลอยเสมอ
-1,บางครั้งเมื่อมีชายหนุ่มเดินมาเพื่อข้ามสะพานลอย เจ้าสะพานลอยจอมเกเรก็จะแกล้งยืดตัวขึ้นเพื่อจะทำให้บันไดสูงขึ้น...สูงขึ้น...สูงขึ้นจนชายหนุ่มต้องปีนขึ้นบันไดทีละขั้น...ทีละขั้น...ทีละขั้น กว่าจะข้ามสะพานลอยนี้ไปได้ทำเอาเขาแทบหมดแรง
-1,หรือบางครั้งเมื่อเด็กๆ นักเรียนกำลังจะเดินข้าม เจ้าสะพานลอยจอมเกเรก็จะแกล้งหดตัวให้ทางเดินแคบลงจนเกือบแทรกตัวผ่านไปไม่ได้
-1,และวันดีคืนดีหากว่ามีฝนตกเจ้าสะพานลอยก็จะแกล้งอมน้ำฝนที่ตกลงมาไว้ ไม่ปล่อยให้ระบายออกไป คนที่เดินข้ามสะพานลอยก็แทบจะต้องว่ายน้ำข้ามกว่าจะไปถึงอีกฝั่งได้ก็เนื้อตัวเปียกปอน
-1,ยิ่งยามกลางคืนหากมีหญิงสาวกำลังเดินข้ามสะพานลอยล่ะก็ เจ้าสะพานลอยจอมเกเรก็จะแกล้งดับไฟ แล้วทำเสียงน่ากลัวใส่ทันที “แบร่...”
-1,หญิงสาวตกใจคิดว่าถูกผีหลอก วิ่งหนีแทบตกบันได
1,เจ้าสะพานลอยเกเรหัวเราะชอบใจ เหตุการณ์เป็นเช่นนี้ทุกวัน
0,จนสุดท้ายก็ไม่มีใครใช้สะพานลอยข้ามถนนอีกเลย
-1,แต่ยังมีหมาจรจัดอยู่ตัวหนึ่งชื่อเจ้าด่าง ซึ่งยังคงพยายามข้ามสะพานลอยเพื่อมายังตลาดที่อยู่อีกฝั่งหนึ่งของถนน
0,และทุกๆ ครั้งที่เจ้าด่างเดินขึ้นบันไดมาถึงบนสะพานลอย
0,มันก็ยกขาขึ้นข้างหนึ่งแล้วฉี่เพื่อประกาศอาณาเขตของมัน
-1,เจ้าสะพานลอยจอมเกเรสุดที่จะทน จึงพยายามแกล้งเจ้าด่างทุกวิถีทางเพื่อไม่ให้มันเดินขึ้นมาบนสะพานลอยอีก แต่ไม่ว่าสะพานลอยจะพยายามยืดตัวเท่าไร เจ้าด่างก็พยายามปีนขึ้นมาได้เสมอ
0,ไม่ว่าสะพานลอยจะพยายามหดตัวลงเท่าไร เจ้าด่างก็พยายามเดินลอดไปจนได้
0,หรือเมื่อฝนตกลงมาแล้วสะพานลอยอมน้ำไว้ เจ้าด่างก็พยายามว่ายน้ำข้ามสะพานลอยจากฝั่งตลาดเพื่อกลับไปนอนยังป้ายรถประจำทางที่ประจำ
-1,บางครั้งสะพานลอยก็แกล้งดับไฟ แต่แทนที่เจ้าด่างจะกลัว กลับหอนเสียงโหยหวน “โบร๋ว...”
-1,สะพานลอยตกใจกลัวนึกว่าเจ้าด่างเห็นผีจริงๆ จึงรีบเปิดไฟทุกดวง ช่วงเวลานั้นจึงเป็นคืนที่แสงไฟบนสะพานลอยสว่างไสวเป็นพิเศษ
-1,เวลาผ่านไป สะพานลอยก็ยังไม่สามารถกลั่นแกล้งหรือขัดขวางไม่ให้เจ้าด่างเดินข้ามสะพานลอยได้สักครั้งเดียว
-1,และสะพานลอยเกเรก็เริ่มสังเกตว่า ทุกครั้งที่เจ้าด่างเดินขึ้นมาบนสะพานแล้ว มันมักจะหยุดอยู่กลางสะพานยกขาหน้าเขย่งเกาะราวสะพานมองลงไปข้างล่างเสมอ
-1,อยู่มาวันหนึ่งขณะที่เจ้าด่างกำลังเขย่งเกาะราวสะพาน สะพานลอยจอมเกเรจึงถามขึ้นว่า
-1,“เจ้าหมาน้อยทำไมเจ้าต้องพยายามเดินข้ามสะพานลอยอย่างฉันไปให้ได้ ไม่ว่าฉันจะพยายามขัดขวางหรือกลั่นแกล้งเจ้าทุกครั้ง”
1,“ก็ข้างบนนี้มันปลอดภัยกว่าข้างล่างนี่” เจ้าด่างตอบ
1,“ไม่จริงหรอก ถ้าบนนี้ปลอดภัยจริง แล้วทำไมคนที่โดนฉันแกล้งถึงยอมลงไปเดินข้ามถนนล่ะ”
-1,“คงเพราะเขาไม่เคยเสียเพื่อนไปอย่างฉันน่ะสิ
1,เดิมทีฉันเคยมีเพื่อนรักอยู่ตัวหนึ่งชื่อเจ้าจุด เราเป็นเพื่อนเล่นกันมาตั้งแต่ยังเด็ก เรามักไปไหนด้วยกันเสมอ และทุกวันเราต้องข้ามถนนสายนี้
0,ฉันชวนเจ้าจุดข้ามสะพานลอยเสมอแต่เจ้าจุดก็มักตอบว่า ข้ามสะพานลอยช้า ข้ามถนนเร็วกว่า เราเลยแยกกันระหว่างที่ฉันกำลังข้ามสะพานลอย
1,ฉันก็ชะเง้อลงไปมองเจ้าจุดที่กำลังวิ่งข้ามถนนอย่างระมัดระวัง”
-1,ในขณะที่มันกำลังวิ่งผ่านรถประจำทางคันใหญ่ไปนั้นมันคงมองไม่เห็นรถคันหนึ่งที่วิ่งมาด้วยความเร็วสูง รถคันนั้นชนเจ้าจุดเข้าอย่างจัง เจ้าจุดกระเด็นลอยไปตกอยู่กลางถนนอีกฝั่งหนึ่ง ก่อนจะพยายามลุกขึ้น พาตัวเองไปถึงเกาะกลางถนน และหมดแรงล้มลงนอนแน่นิ่งในที่สุด
0,ตอนนั้นฉันทำอะไรไม่ได้เลยได้แค่เห่าร้องเรียกเจ้าจุดจากตรงนี้เท่านั้น”
-1,เจ้าด่างเล่าเรื่องเพื่อนเก่าด้วยน้ำเสียงเศร้าสร้อย
-1,“มิน่า เวลานายเดินข้ามฉันถึงได้หยุดยืนชะเง้อมองลงไปที่เกาะกลางถนนเสมอ นายคงคิดถึงเจ้าจุดสินะ” สะพานเกเรพูดอย่างเศร้าใจ
-1,“ใช่ ฉันคิดถึงเจ้าจุดมาก แล้วนายล่ะ ทำไมนายต้องแกล้งคนที่เดินข้ามนายด้วยล่ะ” เจ้าด่างถามกลับบ้าง
-1,“ก็เพราะคนที่เดินข้ามฉันแกล้งฉันก่อนน่ะสิ บางคนก็ชอบทิ้งขยะบนตัวฉันจนตัวฉันเหม็นสาบไปหมด บางคนชอบแกล้งเอาสีมาพ่นมาป้ายบนตัวฉัน
-1,ไม่เห็นมันจะสวยตรงไหน ในเมื่อไม่มีใครรัก ไม่มีใครดูแลฉัน ฉันก็เลยแกล้งทุกคนซะเลย จะได้ไม่ต้องมีใครอยากมาข้ามฉันอีก
0,โดยเฉพาะนาย เจ้าหมาน้อยนายชอบมาฉี่รดฉันเสมอ”
0,“ฮะๆๆ ขอโทษทีคือว่ามันเป็นนิสัยน่ะ นี่...เอาอย่างนี้ไหม เรามาเป็นเพื่อนกัน
1,ถ้านายให้ฉันข้ามสะพานลอยแบบสบายๆ ฉันจะช่วยดูไม่ให้มีคนมาแกล้งนายอีกดีไหม” เจ้าด่างเสนอ
1,“อืม ก็ดีนะ ตั้งแต่ไม่มีใครมาข้ามฉันก็เหงาๆ เหมือนกัน มีนายมาเป็นเพื่อนก็ดี แต่มีข้อแม้ว่านายห้ามฉี่บนตัวฉันอีก” สะพานลอยรับข้อเสนอพร้อมวางเงื่อนไข
1,“ได้เลย แล้วคอยดูนะ ถ้านายดีกับทุกคนนายจะมีเพื่อนมากกว่านี้อีก”
1,ตั้งแต่วันนั้นเป็นต้นมา เจ้าสะพานลอยจะคอยบริการคนข้ามสะพานลอยเป็นอย่างดี
0,หากวันไหนฝนตกสะพานลอยก็จะกางร่มกันฝนเพื่อให้คนที่ข้ามสะพานลอยไม่เปียก
1,วันดีคืนดีเจ้าสะพานลอยครึ้มอกครึ้มใจก็จะร้องเพลงให้คนที่เดินข้ามฟังอย่างสบายใจ และถ้ามีเด็กๆ ขึ้นมาบนสะพานลอย
1,พอถึงเวลาลงสะพานมันก็จะเปลี่ยนขั้นบันไดของตัวเองเป็นกระดานลื่นให้เด็กๆ ลื่นไถลลงไปข้างล่างอย่างสนุกสนาน และปลอดภัย
1,หากเป็นผู้สูงอายุข้าม เจ้าสะพานลอยก็จะเปลี่ยนบันไดของตัวเองเป็นบันไดเลื่อน พาผู้สูงอายุขึ้นและลงอย่างสะดวกสบาย
1,ต่างจากคนหนุ่มสาวที่ยังต้องให้เดินขึ้นบันไดเป็นการออกกำลังกายกันบ้าง ร่างกายจะได้แข็งแรง
1,เจ้าสะพานลอยจะทำเช่นนี้ทุกวันจนผู้คนละแวกนั้นต่างก็ชอบเดินข้ามสะพานลอย และทุกครั้งที่ลงจากสะพานลอยพวกเขาก็มักจะพูดว่า “ขอบคุณนะคุณสะพานลอยใจดี”
0,สะพานลอยก็จะอายจนเปลี่ยนสีตัวเป็นสีแดงก่ำ
0,และถ้ามีใครจะทิ้งขยะหรือเอาสีมาพ่นบนสะพานลอย ก็เป็นหน้าที่เจ้าด่างที่จะเห่าเตือนหรือวิ่งไล่
0,หรือถ้าหากมีใบไม้มาอุดตันตรงท่อระบายน้ำ เจ้าด่างก็จะช่วยคาบเศษใบไม้ออกไปทิ้งให้
1,ทั้งสองจึงกลายเป็นเพื่อนสนิทและพึ่งพากันตลอดมา
0,กระต่ายกับเต่า
-1,“เร็วเข้า พ่อจอมเฉื่อย” กระต่ายล้อ พร้อมกับกระโดดไปมาอยู่ตรงหน้าเต่า
0,“นี่ เจ้าไปไหนต่อไหนด้วยการเดินช้าอย่างนี้เหรอ”
0,“ข้าไปที่ข้าต้องการได้ก็แล้วกัน” ต่าตอบ
0,“ที่ที่เจ้าต้องการมันคือที่ไหนกันล่ะ”
-1,กระต่ายล้อเลียน “ประมาณสองนิ้วจากจุดเริ่มต้นงั้นหรือ”
0,“อย่าไปยุ่งกับเต่าเลยจ๊ะ” หอยทากสวนตัวเล็กขัดขึ้น “เขาน่ะเร็วพอตัวเลยละ”
1,“ก็อาจจะเป็นไปได้ ถ้าเจ้าเดินด้วยความเร็วระดับหอยทาก” กระต่ายหัวเราะคิกคัก
0,“แต่ถ้าเกิดเต่ากับข้าแข่งกันละก็ เจ้าก็ย่อมรู้ดีว่าใครจะชนะ”
0,“เจ้าไม่มีวันรู้จนกว่าจะได้ลอง” เต่าพูด พร้อมกับรอยยิ้มบนหน้าย่นๆ
1,กระต่ายประหลาดใจจนกระโดดพลาด “เจ้าเชื่อว่าจะมีโอกาสชนะข้างั้นหรือ” กระต่ายพูด
1,แม้แต่หอยทากก็ดูประหลาดใจอยู่พอสมควร
1,“ทำไมล่ะ” เต่าตอบอย่างเคร่งขรึม
0,“ถ้าอย่างนั้นละก็” กระต่ายพูด “มาลองแข่งกัน พรุ่งนี้เช้าสิบโมงตรง ข้าจะแข่งกับเจ้า เริ่มจากทุ่งดอกไม้ไปจนถึงยุ้งข้าวที่ไร่ของชาวนา”
0,“ตรงลงตามนั้น” เต่าตอบ
0,“พระเจ้าช่วย” หอยทากพูด “งานนี้พลาดไม่ได้แล้ว”
0,แล้วหอยทากก็ออกเดินทางทันที เพื่อมันจะได้ไม่พลาดตอนจบของการแข่งขัน
0,ข่าวแพร่สะพัดไปอย่างรวดเร็วราวกับไฟป่า
0,หอยทากเล่าให้หนูนาฟัง
0,หนูนากระซิบบอกกระรอก
0,กระรอกส่งข่าวต่อไปยังหมาจิ้งจอก
0,นกสกายลาร์กที่บินผ่านมาแอบได้ยินกระรอกกับหมาจิ้งจอกคุยกัน ก็เลยร้องเรื่องราวเป็นเพลงให้สัตว์อื่นได้ยินทั่วกัน
0,พอถึงตอนเช้าเหล่าสัตว์จากที่ต่างๆ พากันเดินทางมาชมการแข่งขันในครั้งนี้อย่างพร้อมเพียง
0,อีกห้านาทีจะถึงกำหนดการแข่งขัน กระต่ายกับเต่ากำลังยืดเส้นยืดสายอยู่ที่จุดเริ่มต้น
0,ส่วนบรรดาผู้ชมก็ยืนเรียงรายไปตามเส้นทางที่ใช้แข่งขัน
0,กระต่ายกระโดดกางแขนยี่สิบนาที และกระโดดสูงอีกสิบสองทีเพื่ออบอุ่นร่างกาย
1,เต่าเพียงแต่ยืดขาย่นๆ ของมันที่ละข้าง พลางจ้องไปที่ลู่วิ่งตรงหน้าอย่างมุ่งมั่น
0,“เข้าประจำที่ได้” ไก่ฟ้าซึ่งรับหน้าที่เป็นกรรมการในการแข่งขันครั้งนี้ร้องบอก
0,กระต่ายกับเต่าหมอบลง
1,ผู้ชมเงียบกริบ “ระวัง”
0,ไก่ฟ้าส่งสัญญาณ
0,ผู้เห็นเหตุการณ์ต่างก็ชะเง้อคอ
0,“ไป!” ไก่ฟ้าร้องเสียงสูง
0,กระต่ายพุ่งปราดออกจากจุดเริ่มต้น ภายในเวลาไม่กี่วินาทีก็หายลับไปจากสายตา เหลือเพียงฝุ่นตลบอบอวล
-1,เมื่อฝุ่นค่อยจากลง จึงเห็นเต่าคลานต้วมเตี้ยม ต้วมเตี้ยมไปตามลู่วิ่ง
1,ผู้ชมร้องตะโกนให้กำลังใจเต่าที่คลานช้ามาก หลายตัวเสียงแหบเสียงแห้งไปแล้ว กว่าเต่าจะผ่านหน้าพวกมันไปได้
1,แต่เต่ายังคงรักษาฝีเท้าอันเชื่องช้าและมั่นคงของมันต่อไป
0,ห่างไกลออกไปข้างหน้า กระต่ายยังรักษาระดับความเร็วอยู่ หูยาวทั้งสองข้างของมันลู่ไปด้านหลังเหมือนผืนผ้า
0,เมื่อมันเอี้ยวตัวกลับมามองด้วยหลัง จึงได้รู้ว่ามันวิ่งทิ้งห่างจากเต่ามาไกลมากแล้ว
1,กระต่ายมั่นใจกับชัยชนะครั้งนี้มาก มันจึงวิ่งช้าลงเพื่อทักทายกองเชียร์
1,มันโบกมือให้พวกกบที่ปรบมือให้กำลังใจและหมาจิ้งจอกที่กำลังส่งเสียงร้องดังๆ
0,มันส่งจูบให้ลูกเสือดาวกับลูกหมี และหยุดคุยกับหมีขั้วโลกที่เดินทางมาจากขั้วโลกเหนือเพื่อชมการแข่งขันครั้งนี้ด้วย
0,ต่อมาไม่นาน กระต่ายก็วิ่งทิ้งห่างฝูงสัตว์ไปไกลอีกครั้ง พอเสียงเชียร์เงียบหายไป
0,กระต่ายก็ได้ยินเสียงผึ้งร้องหึ่งๆ และเสียงนกร้องจิ๊บๆ อยู่บนต้นไม้
1,วันนี้ท้องฟ้าแจ่มใส เมื่อกระต่ายวิ่งขึ้นไปถึงเนินเขาลูกหนึ่ง มันก็เริ่มง่วงขึ้นมา
1,“ข้ามีเวลาอีกเยอะแยะ” มันคิด “ข้าน่าจะหยุดพักผ่อนที่นี่สักหน่อย”
0,กระต่ายกระโดดไปที่ต้นไม้ข้างทางแล้วล้มตัวนอนใต้ร่มไม้
1,“ข้าแค่จะพักสายตา” กระต่ายพึมพำ “สักแป๊บหนึ่งหรืออาจจะนานหน่อยตื่นมาจะได้สดชื่นเหมือนดอกเดซี..”
0,แต่กระต่ายกลับหลับสนิทไปอย่างรวดเร็ว
-1,ขณะเดียวกัน เต่ายังคงคลานด้วยฝีเท้าอันเชื่องช้าเหมือนเคย
1,เหล่ากองเชียร์เต่าเริ่มเดินตามไปข้างๆ ลู่แข่ง พวกมันผลัดกันตะโกนถ้อยคำให้กำลังใจ
-1,เต่าคลานช้ามาก กระทั่งความกระตือรือร้นของสัตว์ต่างๆ เริ่มลดน้อยลง
0,พวกมันส่งสายตาแสดงความกังขาให้แก่กันอยู่ด้านหลังเต่า พอผ่านไปครู่หนึ่ง
0,หมาจิ้งจอกจึงพูดในสิ่งที่สัตว์ทั้งหลายกำลังคิดอยู่ “ป่านนี้กระต่ายต้องไปถึงเส้นชัยแล้วแน่เลย”
1,แต่เต่าไม่สนใจ มันยังคงมุ่งมั่นและพยายามคลานต่อไป
0,เต่าปีนขึ้นเนินเขาและค่อยๆ คลานผ่านหน้าต้นไม้ไปช้าๆ
1,“ไม่อยากเชื่อเลย” หมาจิ้งจอกพูด เมื่อมันสังเกตเห็นกระต่ายงีบอยู่ใต้ร่มไม้ “เจ้าอาจจะมีโอกาสก็ได้นะ เพื่อนยาก”
1,เหล่ากองเชียร์เต่าส่งเสียงเชียร์สนั่นหวั่นไหว เมื่อเต่าพยายามไต่ขึ้นไปยังยอดเนินเขาและลงมาอีกด้านหนึ่ง
1,เสียงเชียร์ลอยเข้าหูกระต่ายที่กำลังหลับอยู่ และมันฝันว่า เสียงเชียร์เหล่านั้นเป็นเสียงร้องของฝูงสัตว์ตอนที่กระต่ายวิ่งเข้าเส้นชัย
1,หนวดของมันกระตุกด้วยความภาคภูมิใจเมื่อมันรับถ้วยรางวัลขนาดใหญ่สีทองอร่ามจากเสือชีตาร์ และเสือชีตาร์ยังเป็นผู้ประกาศว่ากระต่ายเป็นนักวิ่งที่วิ่งเร็วที่สุดในโลกอีกด้วย
1,ถึงตอนนี้ เต่าเริ่มเห็นเส้นชัยปรากฏสู่สายตาแล้ว มันก้าวช้าๆ ไปข้างหน้าอย่างมั่นคง โดยไม่เอี้ยวตัวมามองข้างหลังหรือแม้แต่จะหันไปมองผู้ที่คอยให้กำลังใจ
1,และตอนนี้บรรดากองเชียร์เต่าก็ร้องตะโกนด้วยความตื่นเต้น หอยทากน้อยแทบจะควบคุมตัวเองไว้ไม่อยู่
0,“เร็วเข้าเต่า” มันร้อง ขณะที่ผลุบๆ โผล่ๆ หัวอยู่ตรงเส้นชัย “เจ้าทำได้”
1,เมื่อเต่าเข้ามาใกล้เช่นชัยยิ่งขึ้น เสียงร้องของเหล่าสัตว์ก็ดังขึ้น ดังขึ้นเรื่อยๆ
1,หูของกระต่ายชันขึ้นเล็กน้อยในขณะที่มันหลับ ในความฝันของมัน
1,ถ้วยทองหายวับไปในอากาศ และเสือชีตาร์ก็ร้องบอกให้มันเร่งฝีเท้า
-1,ทันใดนั้น กระต่ายตกใจตื่นขึ้น “ถ้วยทองของข้าหายไปไหน” มันพึมพำ หรี่ตาเมื่อปะทะแสงแดดจ้า แล้วนึกขึ้นมาได้
-1,“โอ้ ไม่ใช่!” มันร้อง “ข้ายังไม่ได้วิ่งเข้าเส้นชัยนี่”
0,“พระเจ้าช่วย” หมาจิ้งจอกแสดงความคิดเห็น “นั่นมันอะไรกัน”
1,สัตว์ทั้งหมดต่างจ้องตัวอะไรบางอย่างที่กำลังวิ่งตรงมาหาพวกมันด้วยความประหลาดใจ
0,มันวิ่งมาด้วยความเร็วสูง จนแทบมองไม่เห็นว่าเป็นตัวอะไร
1,เจ้าตัวนั้นคือกระต่ายนั้นเอง มันวิ่งมาใกล้เต่าด้วยความเร็วที่เหลือเชื่อเป็นที่สุด
0,ฝูงชนกลั้นหายใจเมื่อกระต่ายพุ่งมาตามทางเหมือนกับจรวด
0,“เร็วเข้าจ๊ะ เต่า” หอยทากน้อยร้อง “เร็วเข้า”
0,“ข้าปล่อยให้เต่าชนะไม่ได้” กระต่ายคิด “ผู้ชนะต้องเป็นข้าสิ” แล้วมันก็เร่งความเร็วจนสุดกำลัง
0,เมื่อกระต่ายเข้ามาใกล้เส้นชัยใบหูของมันได้ยินเสียงหัวใจเต้นถี่รัว อีกแค่ไม่กี่ก้าว ชัยชนะก็จะเป็นของมันแล้ว
0,แต่เต่าก็กำลังจะยกเท้าเหยียบเส้นชัย
-1,กระต่ายพุ่งตัวไปที่เส้นชัยอย่างสิ้นหวัง แต่ก็สายไปเสียแล้ว เมื่อเต่าที่คลานช้ามากๆ ก้าวผ่านเส้นชัยไป เสียงโห่ร้องดังสนั่น
1,ฝูงชนยกตัวเต่าขึ้นหลัง ท่ามกลางเสียงปรบมือดังกึกก้อง
1,ใบหน้าเต่ายับย่นด้วยรอยยิ้มกว้างแห่งชัยชนะ
0,ขณะเดียวกัน กระต่ายพุ่งตัวไปบนฟ้าแล้วหล่นลงมาคลุกฝุ่นดังตุ้บ
-1,“ข้าคงขายหน้าไปตลอดชีวิต” มันคราง
1,“เห็นไหม” เสียงเล็กๆ เสียงหนึ่งพูดขึ้น เป็นเสียงของหอยทากสวนนั้นเอง มันภูมิใจมาก “ช้าๆ และมั่นคงก็ชนะได้”
0,พระอาทิตย์กับลมเหนือ
1,“ข้าแข็งแรงกว่าเจ้าเยอะเลย” ลมเหนือโอ้อวดกับพระอาทิตย์
0,“ข้าพัดเรือออกทะเลได้ พัดนกให้ไปพ้นท้องฟ้าได้ ข้าผลักต้นไม้ให้ล้มลง แล้วกระชากหลังคาบ้านให้ปลิวหลุดออกจากบ้านได้ แล้วเจ้าทำอะไรได้บ้างละ”
1,“ทำลายข้าวของหลุดเป็นชิ้นๆ น่ะ ไม่ใช่วิธีของข้าหรอก” พระอาทิตย์ตอบเสียงนุ่มนวล “ข้ากล่อมดอกไม้ให้บานแล้วช่วยต้นไม้ให้โตได้”
1,“เชอะ! นั้นมันเด็กๆ เขาเล่นกัน” ลมเหนือเยาะเย้ย “ถ้าแข่งเรื่องความแข็งแรงแล้วละก็ วันไหนๆ ข้าก็ชนะเจ้าได้อยู่แล้ว”
0,ขณะนั้นเอง ลมเหนือก็มองเห็นผู้ชายคนหนึ่งกำลังเดินมา
0,“ข้ารู้แล้ว” ลมเหนือพูดขึ้น “เรามาแข่งกันเถอะ ว่าใครทำให้เสื้อคลุมหลุดจากตัวชายคนนั้นได้ ใครทำได้เป็นผู้ชนะ”
1,“ก็ได้” พระอาทิตย์เห็นด้วย “ข้าลองก่อน เจ้าจะได้รู้ว่าต้องทำอย่างไร”
-1,ลมเหนือส่งเสียงดัง แล้วก็พัดหยอกเย้าไปสองสามรอบเพื่อแกล้งให้หมวกของชายหนุ่มหล่นไป
0,แต่ชายหนุ่มกลับคว้าหมวกไว้ได้ทัน เขาสวมหมวกกลับไปบนศีรษะให้แน่นยิ่งขึ้น
0,ลมเหนือสูดลมข้างแก้มจบพองแล้วเป่าแรงขึ้นอีก จนเสื้อคลุมของชายหนุ่มเปิดออก
1,ลมเหนือหันไปทางพระอาทิตย์พร้อมกับรอยยิ้ม แสดงความพึงพอใจบนใบหน้า
0,แต่พอลมเหนือหันหลับมาอีกครั้ง ชายหนุ่มก็ยิ่งดึงเสื้อคลุมให้กระชับยิ่งขึ้นและติดกระดุมตลอดแนว
-1,ลมเหนือขมวดคิ้วแล้วสูดลมหายใจลึกๆ ยื่นปากเป่าสุดแรงเกิด
0,ชายหนุ่มเดินตัวเอียงเล็กน้อย ต้านแรงหายใจของลมเหนือ เสื้อคลุมของเขาพองขึ้นที่ด้านหลัง แต่ยังไม่หลุดจากตัว
0,ชายหนุ่มพยายามต่อสู้กับแรงลมให้ได้ เขาดึงผ้าพันคอผืนยาวออกมาจากกระเป๋าแล้วพันรอบคออย่างแน่นหนา
-1,ลมเหนือพัดดึงเสื้อคลุมของชายหนุ่มด้วยความหงุดหงิด แต่ชายหนุ่มกลับพลิกปกเสื้อขึ้นมาแล้วยัดมือใส่กระเป๋า
0,ยิ่งลมเหนือออกแรงเป่ามากขึ้นเท่าใด ชายหนุ่มก็ยิ่งกระชับเสื้อคลุมให้ติดตัวมากขึ้นเท่านั้น
-1,ในที่สุด ลมเหนือก็ยอมแพ้
-1,“ชายหนุ่มคนนั้นไม่มีทางจะยอมปล่อยเสื้อคลุมเลย” ลมเหนือพูด “ดื้อชะมัด”
0,แล้วลมเหนือก็ขยับไปข้างๆ ให้พระอาทิตย์ได้ลองบ้าง
0,พระอาทิตย์จ้องชายหนุ่มพลางใช้ความคิด
0,ชายหนุ่มเดินอย่างเร่งรีบ ใบหน้าของเขาซูบตอบ และไหล่ห่อด้วยความหนาวเหน็บ
0,พระอาทิตย์เริ่มต้นด้วยการแผ่รังสีอันอบอุ่นไปยังพื้นดิน
0,ชายหนุ่มคลายไหล่ที่ห่อไว้และมีท่าทีโล่งใจ เขาหลับตาแล้วเงยหน้าขึ้นมองท้องฟ้า
1,พระอาทิตย์ยิ้มอย่างมีกำลังใจ จนทั่วบริเวณนั้นมีชีวิตชีวาด้วยแสงสีทอง นกเริ่มร้องเพลง และกลีบดอกไม้เริ่มบาน
0,ชายหนุ่มคลายผ้าพันคอออกช้าๆ และพับคอเสื้อลง
1,พระอาทิตย์ยิ้มกว้างอย่างดีใจ
1,“เชอะ!” ลมเหนือพูด “ก็แค่โชคดีตอนเริ่มต้นเท่านั้นแหละ!”
0,ใบหน้าของชายหนุ่มกลายเป็นสีชมพูเพราะความร้อน
0,เขาถอดหมวกและปลดกระดุมเสื้อคลุมออก
-1,“ทำได้ไม่เลวนี่” ลมเหนือพูดอย่างไม่สบอารมณ์ “แต่เจ้ายังต้องทำให้เสื้อคลุมหลุดไปจากตัวเขาด้วย”
0,“เดี๋ยวถึงเวลาก็ทำได้เองแหละ” พระอาทิตย์พูด แล้วเปล่งแสงสว่างที่สุดเท่าที่จะทำได้
1,ชายหนุ่มหยุดปาดเหงื่อที่คิ้ว “ทำไมอากาศถึงได้ประหลาดอย่างนี้นะ” เขาบ่น พลางส่ายหัวอย่างสับสน
-1,แล้วลมเหนือก็ต้องผิดหวังเป็นที่สุด เมื่อชายหนุ่มถอดเสื้อคลุมออก และยังคลายกระดุมเสื้อเชิ้ตอีกด้วย
0,“ก็ได้ ก็ได้” ลมเหนือถอนหายใจ “เจ้าเป็นผู้ชนะ”
0,ตรงพื้นดิน ชายหนุ่มมาถึงทะเลสาบ ทันใดนั้นเขาก็สะบัดรองเท้า ถุงเท้า รวมทั้งถอดเสื้อผ้าออก เหลือแต่กางเกงในตัวเดียว ดำลงไปในน้ำเพื่อคลายร้อน
1,พระอาทิตย์ยิ้มให้ลมเหนืออย่างสดใส
-1,“ไม่ต้องมาอวดหรอกน่า” ลมเหนือพูดอย่างเคียดแค้น ก่อนจะพัดไปจากท้องฟ้า
0,หมาป่ากับสุนัขบ้าน
1,ได้เวลาเล่านิทานอีกเรื่องแล้ว เด็กๆ! นี่เป็นอีกเรื่องที่มาจากประสบการณ์ชีวิตของฉันเอง
1,หลายคนถามว่าฉันมีความสุขหรือเปล่าตอนเป็นทาส คำตอบของฉันเหมือนเดิมทุกครั้ง
1,ฉันหวังที่จะเป็นอิสระเสมอ แม้ว่าเจ้านายของฉันจะใจดีไม่เคยเฆี่ยนตีหรือปล่อยให้ฉันเข้านอนด้วยความหิวเลยก็ตามที
1,บางคนบอกว่าฉันโชคดีที่เป็นทาส มีอาหารให้กินทุกวันและมีเตียงอุ่นๆ ให้นอนตอนกลางคืน
-1,พวกเขาบอกว่ายังมีคนยากจนมากมายลำบากมากกว่าฉัน ถึงจะมีอิสระก็ตามที
-1,พวกเขาอาศัยอยู่อย่างซอมซ่อ เข้านอนด้วยความหิวโหย และพอเจ็บป่วยขึ้นมา ก็ไม่มีใครตามหมอมารักษา
0,ฉันตระหนักถึงเรื่องเหล่านี้ดี แต่ฉันอดนึกถึงหมาป่าตัวหนึ่งที่ฉันเคยเห็นอยู่บนเนินเขาไม่ได้
-1,มันดูมอซอ ผอมจนเห็นซี่โครง ตามตัวมีแต่หมัดกระโดดไปมา ถึงอย่างนั้น ตาของมันยังจ้องตรงมาที่ฉัน
0,ตอนที่ฉันเดินผ่าน ฉันไม่เคยลืมสายตาคู่นั้นเลย -- สายตาของจิตวิญญาณอิสระ
1,วันเดียวกันนั้นเอง ฉันเห็นสุนัขอ้วนตัวหนึ่งวิ่งเหยาะๆ ไปกับเจ้านายของมัน ขนของมันเงางาม ดูก็รู้ว่าถูกเลี้ยงดูมาอย่างดี เนื้อตัวสะอาดสะอ้าน
-1,มันคงถูกขัดสีฉวีวรรณและพรมน้ำหอมจากทาสของเจ้านายเช้าวันนั้นเองแต่ฉันกลับมองเห็นบางอย่างที่เศร้าสร้อยในตัวมัน
-1,ขณะที่มองดูสุนัขจรจัดสองสามตัววิ่งอย่างอิสรเสรีอยู่รอบๆ
0,ตาของมันเต็มไปด้วยความโหยหา
0,เย็นวันนั้น ฉันจึงแต่งนิทานเกี่ยวกับ หมาป่ากับสุนัขบ้าน เรื่องนี้ขึ้น
0,ในป่าของประเทศกรีซเต็มไปด้วยหมาป่า พวกมันหิวโหยตลอดเวลา ต้องคอยย้ายถิ่นฐานอยู่เสมอ
0,พวกมันอยู่รวมกันเป็นฝูง มักออกหาเหยื่อท่ามกลางโขดหินและต้นไม้แคระในชนบท
0,หมาป่าตัวหนึ่งถือกำเนิดในเทือกเขาสูงของเกาะครีต แม่ของมันฟูมฟักเลี้ยงดูจนมันสามารถปกป้องตัวเองได้ แล้วจึงปล่อยให้มันออกสู่โลกภายนอก เพื่อเข้าฝูงหมาป่าที่ล่าเหยื่อบนภูเขา
0,ตอนที่มันอำลาแม่และพี่น้องทั้งหกตัวออกจากถ้ำนั้นเป็นฤดูใบไม้ผลิ หมาป่าที่แก่กว่าต้อนรับมันด้วยการหอนเสียงก้องไปทั่วป่า
-1,ไม่นานมันก็เรียนรู้วิธีการล่าเหยื่อ การดมกลิ่นหาอาหารการสะกดรอยกวางและแพะ และการขโมยแกะจากเด็กเลี้ยงแกะที่งีบหลับอยู่ กับสุนัขขนปุยตัวใหญ่
0,เมื่อล่าสัตว์มาได้ พวกมันทั้งฝูงจะร่วมเลี้ยงฉลองมือใหญ่เสมอ แล้วเสียงเพลงหมาป่าก็จะดังกังวานไปทั้งเทือกเขาตั้งแต่พลบค่ำยันรุ่งเช้า
0,จากฤดูใบไม้ผลิเปลี่ยนเป็นฤดูร้อน และจากฤดูร้อนเปลี่ยนเป็นฤดูหนาว
0,ฤดูหนาวพัดพาเอาลมหนาวและหิมะมาเกาะบนขนที่เคยเงางามของหมาป่าจนกลายเป็นน้ำแข็งที่หนาเตอะ ไม่มีแพะหรือกวาง หรือหมูป่าให้สะกดรอยตามอีก
0,เด็กเลี้ยงแกะย้ายฝูงแกะเข้าไปในหมู่บ้านเพื่อพักพิง
1,บรรดาสัตว์เล็กๆ ที่ฝูงหมาป่าไม่เคยแยแสในเดือนที่อากาศอบอุ่น บัดนี้ได้จำศีลอยู่ลึกลงไปใต้ดิน
-1,ไม่นานผืนดินก็จับตัวเป็นน้ำแข็งใต้อุ้งเท้าของเจ้าหมาป่า จนมันแทบวิ่งไม่ได้เพราะกลัวลื่น
-1,หมาป่าแก่ๆ ในฝูงตายจากไปทีละตัว ส่วนพวกที่ยังเหลือก็เริ่มผอมโซด้วยความหิว ขนของมันเปลี่ยนเป็นเกรอะกรังและหยาบกระด้าง
-1,บางครั้งมีอาหารเหลือน้อยนิด ไม่มีงานเลี้ยงงานฉลอง พวกมันก็จะทะเลาะกันเอง
-1,พวกที่แข็งแรงกว่าผลักพวกที่อ่อนแอด้วยความเห็นแก่ตัวเพื่อแย่งเนื้อ
0,หมาป่าหนุ่มจะเข้าไปซ่อนตัวอยู่ในถ้ำเป็นชั่วโมงๆ พลางคิดว่าฤดูใบไม้ผลิ
1,พระอาทิตย์และช่วงเวลาสนุกๆ จะหวนกลับมาอีกเมื่อใด
0,ต่อมา ชายชราคนที่ถือไม้เท้าก็ประกาศว่า “คืนนี้เราจะค้างคืนกันที่นี่”
0,แล้วนักเดินทางทั้งหลายก็หยุดพัก ทุกคนลงจากหลังม้า
1,พวกคนแก่มีคนรับใช้ช่วยพยุง คนเลี้ยงม้าเอาอานลงจากหลังลาและจูงไปดื่มน้ำที่ลำธาร
0,กลุ่มผู้หญิงก่อไฟ กลิ่นอาหารตลบอบอวลจนหมาป่าหนุ่มทนไม่ไหว
-1,มันเขยิบเข้าไปใกล้ค่ายพักแรมขึ้นเรื่อยๆ ท้องร้องโครกครากด้วยความหิวจัด
-1,ในที่สุดก็มีคนเห็นมันเข้า “ระวังหมาป่า!” ทุกคนผุดขึ้นยืนด้วยความตกใจ
-1,ชายชราที่ถือไม้เท้าเริ่มตัวสั่นเป็นเจ้าเข้า
-1,คนครัวคนหนึ่งกรีดร้อง
0,ส่วนเหล่าคนรับใช้รีบคว้าขวานและกระบอง
-1,หมาป่าที่รู้ว่าตัวเองอ่อนแอจากความหนาวและขาดอาหาร รีบพรางตัวกลับเข้าสู่เงามืด
-1,“นี่หรือชีวิต -- ต้องหลบซ่อนอยู่ในความมืด ตัวสั่นงันงกเมื่อเห็นกระบองกับขวาน” สุนัขบ้านสีเข้มตัวหนึ่งพูด
0,มันเพิ่งกลับจากลำธารใกล้ๆ
1,“ยามนี้แสนลำบาก เพื่อนเอ๋ย เราต้องทำทุกอย่างเพื่อความอยู่รอด”
1,หมาป่าตอบอย่างเคร่งขรึม
-1,สุนัขบ้านตัวนั้นนั่งบนโขดหิน มองไปรอบๆ ด้วยความดูถูก
-1,“ดูที่นี่สิ” มันกล่าว “มีแต่โขดหิน เสียงลมโหยหวนบาดแก้วหูตลอดเวลา แถมยังไม่มีอะไรช่วยกันความหนาว ไม่รู้เจ้าอยู่รอดได้อย่างไร ในบ้านเจ้านายข้า
0,เรานอนในตะกร้าปูกำมะหยี่ติดกับเตาผิงอุ่นๆ แถมไม่เคยต้องหิว มีอาหารร้อนๆ ใส่จานสวยๆให้กิน ทำไมเจ้าไม่ไปอยู่ในปราสาทกับพวกเราล่ะ”
1,“ข้ายอมรับว่ามันน่าสนใจ” หมาป่ากล่าว “แต่ข้าไม่ใช่สุนัขบ้าน เขาคงไล่ข้าออกมา”
0,“ไม่มีใครจับได้หรอก” เพื่อนของมันว่า “ในบ้านเจ้านายข้า เรามีกันหลายตัว เชื่อข้าเถอะ เจ้าปลอดภัยแน่”
1,หมาป่านึกภาพตัวเองกินอาหารร้อนๆ บนจานสวยๆ งีบหลับอย่างเป็นสุขข้างเตาผิง
-1,และเล่นกับเพื่อนใหม่ๆ ของมันอย่างสบายใจ
0,“ข้าไปด้วยก็ได้” มันกล่าว
1,เช้าตรู่วันรุ่งขึ้น มันออกเดินทางไปกับนักแสวงบุญเดินเคียงไปกับเพื่อนใหม่ของมัน
1,ขณะพระอาทิตย์ขึ้นมันสังเกตเห็นว่าขนของสุนัขบ้านช่างเงางามและนัยน์ตาสุกใสใต้แสงยามเช้าที่ตีนเขา พวกมันก็มาถึงที่ราบและมองเห็นกำแพงเมืองอยู่ไกลๆ
0,“บ้านใหม่ของเจ้าไงล่ะ” สุนัขบ้านบอก
0,หมาป่าหันไปอำลาภูเขา
0,“เร็วเข้า” สุนัขบ้านบอก “เดี๋ยวก็ถูกทิ้งไว้หรอก” มันโน้มตัวมาดันให้หมาป่าเดินต่อ
0,“ตรงคอเจ้ามีรอยแปลกๆ อะไรน่ะ” หมาป่าถาม “ดูอย่างกับขนถูกสีไปมาจนสึกอย่างนั้นแหละ”
0,“ไม่มีอะไรหรอก” สุนัขบ้านกล่าว “ในบ้านเจ้านายข้า สุนัขทุกตัวมีรอยแบบนี้ทั้งนั้น มันโดนปลอกคอหนังสีจนถลอกน่ะ”
0,“ปลอกคองั้นหรือ”
0,“บางครั้งเจ้านายก็ผูกเราไว้ ตอนที่ไม่อยากให้เราเดินเพ่นพ่าน หรือตอนที่อยากพาพวกเราไปบางแห่ง”
1,หมาป่าทำหน้างุนงง
0,“แปลว่า เจ้ายอมให้คนล่ามโซ่ไว้งั้นหรือ”
0,“ไม่นานเจ้าก็จะชินเองแหละ” สุนัขบ้านกล่าว
0,หมาป่าหันกลับไปมองภูเขาอีกครั้ง “ป่าเป็นที่ที่ไม่น่าอยู่ก็จริง” มันกล่าว “แต่ที่นั่นไม่มีโซ่ตรวน ไม่มีปลอกคอ ไม่มีใครห้ามให้เดินเล่นเพ่นพ่าน”
1,“คิดถึงความสะดวกสบายสิ” สุนัขบ้านกระตุ้น “อาหารดีๆ ทั้งนั้น มันไม่คุ้มกับการสวมปลอกคอหรอกหรือ”
-1,หมาป่าส่ายหัว “ข้ายอมหิวอย่างสัตว์ที่มีอิสระ ดีกว่าอิ่มหมีพีมันแต่ถูกล่ามโซ่ไว้ ลาก่อน สหาย”
0,มันพูดพร้อมกับหันหลังและมุ่งหน้ากลับขึ้นภูเขาไปยังถ้ำของมัน
-1,ค่ำคืนที่หิวโหย สถานที่ล่าเหยื่อเดิมๆ และอิสรภาพที่หาค่าไม่ได้
0,“นิทานเรื่องนี้สอนให้รู้ว่า” อิสรภาพ เป็นสิ่งที่หาค่าไม่ได้
0,เจ้าหญิงปุยฝ้ายกับเจ้าชายสายลม
0,ลินดา โกมลารชุน
0,เจ้าชายสายลมอาศัยอยู่ในดินแดนทางตอนเหนือที่ซึ่งมีอากาศหนาวเย็นตลอดทั้งปี
0,เวลาที่เจ้าชายเดินทางไปไหนมาไหน ต้นไม้ก็จะสะบัดกิ่งก้านไปมา ใบไม้สีน้ำตาลจะปลิวโปรยปรายในอากาศก่อนร่วงลงมากองสุมบนพื้นดิน
0,ว่ากันว่าเจ้าชายนำพาสายลมไปด้วยทุกแห่งหน เมื่อเจ้าชายเดินทางลงสู่ทิศใต้ ชาวเมืองก็จะพูดกันว่า “ลมเหนือมาแล้ว”
0,หลังจากนั้นก็จะรีบพากันเก็บข้าวโพดในไร่ เพื่อเอาไว้เป็นเสบียงในฤดูหนาว พร้อมกับปิดประตูหน้าต่างอย่างแน่นหนา เหมือนจะบอกว่าไม่ต้องการต้อนรับการมาเยือนของเจ้าชาย
-1,เจ้าชายสายลมรู้สึกเศร้าพระทัยทุกๆ ครั้งเวลาที่พระองค์เสด็จไปตามถนนในเมือง
-1,ใครสักคนจะดึงผ้ามาคลุมศีรษะแล้วรีบอุ้มเด็กเล็กๆ หนีไปทางอื่นพลางพูดว่า “ลมเย็นๆ จะทำให้หนูไม่สบาย”
0,หรือถ้าพระองค์เสด็จเข้าไปอ่านหนังสือในห้องสมุด หนอนหนังสือที่กำลังก้มหน้าก้มตาอ่านอย่างตั้งใจต่างพากันหยุด และไล่ตะปบหน้ากระดาษที่เอาแต่พลิกไปที่อื่น
-1,ดูเหมือนพระองค์จะทำให้คนอื่นๆ เดือดร้อนไปเสียหมด
-1,เจ้าชายถูกห้ามไม่ให้เดินทางไปยังดินแดงที่อยู่ทางทิศตะวันตก ที่ซึ่งมีเรื่องเล่าขานถึงความเงียบสงัดและปิศาจสีขาว
0,แต่เจ้าชายคิดว่าในเมื่อตนเองไม่มีประโยชน์ต่อชาวเมืองนี้แล้วก็น่าจะลองไปเยี่ยมดินแดนที่ยังไม่เคยเห็นนี้ดูสักครั้ง
-1,ในเช้าวันหนึ่งที่ดวงอาทิตย์ซ่อนตัวอยู่หลังก้อนเมฆสีเทา ชาวเมืองต่างเก็บเสื้อผ้าที่ตากไว้ลงจากราว ปิดประตูหน้าต่างและบ่นพึมพำถึงลมมรสุมที่จะพัดพาเอาสายฝนมาในไม่ช้านี้
0,เจ้าชายสายลมจึงเริ่มออกเดินทางโดยไม่มีใครรู้สึกถึงสายลมที่กำลังพัดไปยังทิศตะวันตก
-1,ยิ่งเข้าไปใกล้ดินแดนทางทิศตะวันตก เจ้าชายก็ยิ่งรู้สึกได้ถึงความแห้งแล้งของผิวดิน ต้นไม้สีน้ำตาลแก่ยืนนิ่งไม่ไหวติง คล้ายคนครึ่งหลับครึ่งตื่น
0,แต่ละต้นมีใบสีเหลืองติดกิ่งเพียงไม่กี่ใบ จึงไม่มีเสียงโบกสะบัดแม้เจ้าชายจะลอดตัวเดินผ่านต้นแล้วต้นเล่า
-1,เบื้องหน้าออกไปไม่ไกล มองเห็นแต่ความเวิ้งว้างสีขาวโพลน เจ้าชายลังเลพระทัยว่าควรจะเดินต่อไปดีหรือไม่
0,ทันใดนั้นพื้นดินที่ข้างพระบาทก็ขยับเขยื้อน ผิวหน้าดินยกตัวสูงขึ้นแล้วเศษดินก็กระจายออกเป็นวง
0,หลังจากนั้นก็มีจมูกเล็กๆ แหลมๆ สีชมพูยื่นออกมาจากพื้นที่เป็นรูนั้น ครู่ต่อมาเจ้าของจมูกก็ใช้เล็บยาวๆ คุ้ยดินแล้วดันตัวขึ้นมายืนบนพื้นทำจมูกฟุดฟิด
0,เจ้าชายสังเกตเห็นว่าขนสีเทาของมันยาวมาคลุมหน้าจนแทบมองไม่เห็นตาทั้งสองข้าง แต่ที่น่าขันออกจะแบนๆ และมีเล็บยาวเป็นซี่ๆ คล้ายคราดสำหรับกวาดใบไม้
0,“เจ้าตุ่นนี่เอง” เจ้าชายทัก “สวัสดี เจ้ากำลังจะไปไหนหรือ”
0,“เจ้าชายสายลมใช่ไหม” เจ้าตุ่นใช้จมูกดมที่รองพระบาทอีกครั้งให้แน่ใจก่อนก้มหัวอย่างพินอบพิเทา
-1,“กระหม่อมรีบมาหาพระองค์เพื่อจะบอกว่า พระองค์จะเสด็จต่อไปข้างหน้าอีกไม่ได้”
-1,“เพราะดินแดนแห่งปิศาจสีขาวที่เห็นอยู่ข้างหน้านั้นน่ะหรือ”
1,เจ้าชายหัวเราะอย่างอารมณ์ดี
-1,“ไม่ใช่เรื่องของปิศาจพะย่ะค่ะ แต่ถ้าเสด็จต่อไปพระองค์จะทำให้เจ้าหญิงปุยฝ้ายทรงเสียพระทัยแน่ๆ”
0,เจ้าตุ่นทำจมูกยุกยิกและใช้เล็บที่ยาวเหมือนคราดคุ้ยดินไปพลาง มันไม่จำเป็นต้องใช้ตาในการมองอะไรๆ แต่ก็สามารถเดินทางอยู่ใต้ดินได้ด้วยการดมกลิ่นและขุดอุโมงค์
0,“เล่าเรื่องของเจ้าหญิงปุยฝ้ายให้เราฟังหน่อย” เจ้าชายตรัส
0,เจ้าหญิงปุยฝ้ายอาศัยอยู่ในดินแดนทางทิศตะวันตกที่ซึ่งอบอุ่นไปด้วยแสงแดดยามบ่ายตลอดทั้งปี
0,เจ้าหญิงปุยฝ้ายคอยดูแลต้นไม้เล็กๆ ที่ชื่อว่า “ต้นฝ้าย” ให้ออกดอกสีขาว
0,ดอกฝ้ายที่ฟูและนุ่มบานสะพรั่งมองเห็นเป็นดินแดนสีขาวไกลสุดลูกหูลูกตา
0,ชาวเมืองนี้ต้องทำงานหนักทุกวันโดยต้องหิ้วถังน้ำไปที่แม่น้ำและตักน้ำกลับมารดต้นฝ้ายทุกๆ ต้น
-1,พวกเขาไม่กล้าคุยกันหรือหัวเราะเสียงดังนัก เพราะถ้ามีใครหายใจแรงๆ หรือจามดังๆ ออกมา ปุยฝ้ายจะปลิวขึ้นไปในอากาศแล้วลอยหนีไปในท้องฟ้า
0,ว่ากันว่าถ้าปุยฝ้ายหนีขึ้นไปบนท้องฟ้ามากๆ เข้า มันจะรวมตัวกลายเป็นเมฆก้อนใหญ่ แล้วบดบังแสงอาทิตย์ไม่ให้ส่องลงมา
-1,ไม่อยากนึกภาพเลยว่าถ้าเจ้าชายสายลมเสด็จไปที่นั่นจะสร้างความโกลาหลให้กับชาวเมืองมากเพียงใด
0,เจ้าชายนั่งลงข้างๆ เจ้าตุ่นแล้วครุ่นคิด นิ้วมือแบนๆ และเล็บที่ยาวของเจ้าตุ่นดูน่าขันก็จริง แต่มันก็มีประโยชน์ในการขุดดินและทำให้มันสามารถเดินทางไปไหนมาไหนได้อย่างรวดเร็ว
1,“ทุกสิ่งล้วนมีประโยชน์ในตัวเอง” เจ้าชายตรัส เจ้าช่วยเดินทางล่วงหน้าไปยังดินแดนสีขาวนั้นได้หรือไม่ใช้มืออันแสนมีประโยชน์ของเจ้าขุดดินเป็นคันส่งน้ำ ยาวไปจนสิ้นสุดที่ฝ้ายต้นสุดท้าย
0,ส่วนที่ริมแม่น้ำนั้นให้ชาวเมืองช่วยกันสร้างเครื่องมือที่มีใบพัดคล้ายกลีบดอกไม้และทำให้มันหมุนเป็นวงไปรอบๆ ได้”
0,หลังจากนั้นไม่นาน เจ้าชายสายลมก็เดินทางเข้าสู่ดินแดนแห่งปุยฝ้าย โดยลัดเลาะไปตามเส้นทางของแม่น้ำ
0,ในที่สุดพระองค์ก็มาถึงกังหันใหญ่ริมน้ำที่เพิ่งสร้างเสร็จ สายลมจากเจ้าชายทำให้ใบพัดของกังหันเคลื่อนตัวหมุน และเริ่มวิดน้ำจากแม่น้ำไหลลงสู่คันดินสำหรับส่งน้ำ
1,ชาวเมืองต่างกระโดดโลดเต้นอย่างดีใจเมื่อเห็นน้ำไหลผ่านต้นฝ้ายทุกต้น แม้จะเป็นต้นที่อยู่ไกลที่สุด ดินที่แห้งแข็งก็เริ่มชุ่มชื้นและ อ่อนนุ่มลง
0,เจ้าหญิงปุยฝ้ายเสด็จออกมาต้อนรับเจ้าชาย
1,ฉลองพระองค์ของเจ้าหญิงเป็นสีขาวบริสุทธิ์ ตัดเย็บด้วยผ้าที่ทอจากดอกฝ้ายอันอ่อนนุ่มที่สุดในโลก
1,เจ้าหญิงแย้มสรวลต้อนรับเจ้าชายแห่งสายลมอย่างเป็นมิตร
1,ตั้งแต่นั้นมา เจ้าชายก็ออกเดินทางไปในทุกแห่งอย่างมีความสุข
0,ถ้าเจ้าชายล่องเรือออกจากฝั่งในเวลากลางคืน ชาวบ้านก็จะบอกต่อๆ กันว่า “ลมบกมาแล้ว”
0,หลังจากนั้นพวกเขาก็จะพากันลงเรือของตนเช่นเดียวกัน กางใบสีขาวให้แผ่กว้างที่สุดเพื่อให้เรือแล่นออกสู่ทะเลไปหาปลา แล้วเมื่อถึงตอนเช้าที่เจ้าชายล่องเรือกลับเข้ามา
0,คนหาปลาที่พาเรือกลับถึงฝั่งก็จะพูดกันว่า “ขอบคุณลมทะเลที่พาเรากลับมาอย่างปลอดภัย”
1,เจ้าชายเดินทางไปยังดินแดนทางทิศตะวันตกบ่อยขึ้น และตกหลุมรักเจ้าหญิงปุยฝ้าย
1,กังหันลมหมุนวันแล้ววันเล่าเพื่อวิดน้ำส่งไปให้ต้นฝ้ายได้ชุ่มชื่นและเติบโตอย่างเขียวชอุ่ม
0,ส่วนเจ้าตุ่นน่ะหรือ มันก็ยังคงอาศัยอยู่ในรูใต้ดิน และเล่าให้ลูกหลานฟังอยู่เสมอถึงเรื่องราวของเจ้าหญิงปุยฝ้ายกับเจ้าชายแห่งสายลม
0,กบผู้เฒ่านั่งเฝ้ากอบัว
0,สิทธิชัย แก้วพวง
0,กาลครั้งหนึ่งนานมาแล้ว กบฝูงหนึ่งพากันออกไปหากินแมลงตามแหล่งน้ำต่างๆ
-1,แต่เผอิญกบผู้เฒ่าพลัดตกลงไปในอ่างบัว
0,เมื่อกบตัวอื่นๆ เห็นก็กระโดดตามกบผู้เฒ่าลงไปในอ่างบัวอีก
0,จนสุดท้ายกบทั้งฝูงพากันตกลงมาลอยคอตุ๊บป่อง ตุ๊บป่อง อยู่ในอ่างบัว
-1,“เอ๊า! พวกเจ้ากระโดดลงมาทำไมกัน ข้าน่ะแก่แล้วสายตาก็ฝ้าฟาง ข้าจึงเผลอตกลงมาหรอกนะ” กบผู้เฒ่ากล่าว
0,“ข้าก็ไม่รู้ เห็นท่านกระโดดลงมาก็เลยกระโดดตาม” กบตัวหนึ่งกล่าว
0,“ส่วนข้าก็ไม่รู้ พอข้าเห็นเขากระโดดลงมาข้าก็เลยกระโดดตามเขาลงมา” กบอีกตัวกล่าว
0,“ส่วนข้าเองก็ไม่รู้เหมือนกัน พอข้าเห็นท่านผู้เฒ่ากับกบบ้าอีกสองตัวกระโดดลงมา ข้าก็เลยกระโดดตาม” กบตัวที่สามกล่าว
-1,“เจ้าว่าใครบ้า”
-1,“ก็เจ้าน่ะสิ นี่เลยตกลงมากันหมด”
-1,“ช่วยไม่ได้ เจ้าโง่เอง กระโดดตามข้าลงมาทำไมล่ะ”
-1,กบทั้งหลายเริ่มเถียงกันอย่างไม่สบอารมณ์
1,“พอๆ หยุดได้แล้ว” กบผู้เฒ่ากล่าว “อย่าเพิ่งเถียงกันเลยว่าใครผิดใครถูก ไหนๆ ก็ตกลงมากันหมดแล้ว หาทางขึ้นไปให้ได้ก่อนเถอะ”
0,“ในบรรดากบทั้งหมดนี้เจ้าขายาวที่สุด ลองดูสิว่าจะกระโดดขึ้นไปได้ไหม” กบผู้เฒ่ากล่าวกับกบหนุ่มตัวหนึ่ง
0,“ครับท่าน” กบหนุ่มรับคำ
0,กบหนุ่มรวบรวมพละกำลังทั้งหมด แล้วกระโดดขึ้นไปหมายจะข้ามขอบอ่างบัวออกไปให้ได้
-1,แต่เพราะระดับน้ำกับขอบอ่างห่างมากเกินไป กบหนุ่มกระโดดไปชนเข้ากับข้างฝาผนังของอ่างบัวอย่างจัง ตู้ม! ทำให้กบหนุ่มร่วงลงมาในอ่างบัวดังเดิม
0,“เป็นยังไงบ้าง” กบผู้เฒ่าถาม
-1,“ไม่ไหวครับ ข้ากระโดดสุดกำลังแล้วแต่ก็ออกไปไม่ได้” กบหนุ่มตอบ
-1,“ทำยังไงดีล่ะ เราต้องตายกันแน่ๆ เลยถ้ากระโดดขึ้นไปไม่ได้” กบตัวหนึ่งกล่าวขึ้นมา
-1,“ใช่ๆ ๆ เราจะทำยังไงกันดี” กบทั้งฝูงส่งเสียงร้องโวยวายกันจ้าละหวั่น
-1,เหตุการณ์เริ่มวุ่นวายขึ้นเรื่อยๆ กบบางตัวร้องไห้เมื่อทราบชะตากรรมว่าตัวเองกำลังจะอดตายในอ่างบัว
-1,กบบางตัวก็ตำหนิด่าทอว่าเป็นเพราะกบอีกตัวกระโดดลงมา ตนเองจึงกระโดดตาม
-1,กบบางตัวก็รวบรวมพลังกระโดดเพื่อที่จะให้หลุดพ้นออกไปจากอ่างบัว แต่ก็ไม่สำเร็จ บ้างก็กระโดดชนกันเอง แล้วก็มีปากมีเสียงกันตีกันวุ่นวายไปหมด
1,แต่มีกบอยู่เพียงสองตัวเท่านั้นที่ยังคงมีอาการสงบนิ่งนั่นก็คือ กบหนุ่ม กับ กบผู้เฒ่า
0,“ท่านครับ เราจะทำอย่างไรกันดี”
0,กบหนุ่มถามกบผู้เฒ่า
1,“ใจเย็นๆ เราต้องมีสติ ค่อยๆ คิด ความตื่นตูม ขาดสติ
-1,คือการวิ่งไปสู่ความตาย”
0,“ครับท่าน” กบหนุ่มตอบ
1,เมื่อกบหนุ่มฟังแล้ว เขาก็ลอยคออยู่นิ่งๆ อยู่ในน้ำไม่ขยับตัวเคลื่อนไหว ส่วนกบผู้เฒ่าก็ขึ้นไปนั่งหลับตาอยู่บนใบบัวนิ่งๆ คิดหาวิธีที่จะออกไปจากอ่างบัวให้ได้
-1,เวลาผ่านไปวันแล้ววันเล่า กบจำนวนไม่น้อยจมน้ำตายเพราะความเหน็ดเหนื่อย
-1,กบบางตัวก็จมน้ำตายเพราะความหิว
-1,ส่วนกบตัวที่เหลืออยู่ก็อ่อนแรงลงไปมากจึงได้แต่ลอยคออยู่นิ่งๆ ในน้ำ
1,ห้าวันผ่านไป ในที่สุดกบผู้เฒ่าซึ่งนั่งนิ่งๆ อยู่ ก็ลืมตาขึ้น แล้วก็แหงนหน้ามองขึ้นไปบนฟ้า
0,“อ๊อบ อ๊อบ อ๊อบ อ๊อบ... อ๊อบ อ๊อบ อ๊อบ อ๊อบ” กบผู้เฒ่าส่งเสียงร้องก้องกังวาน
1,ฉับพลันกบหนุ่มก็อุทานออกมา “เข้าใจแล้วท่านผู้เฒ่ากำลังเรียกฝน”
0,แล้วกบหนุ่มก็ตะโกนชักชวนกบตัวอื่นๆ “เอ้า! เร็วเข้าพวกเรามาช่วยกันเรียกฝน อ๊อบ อ๊อบ อ๊อบ”
0,“อ๊อบ อ๊อบ อ๊อบ อ๊อบ อ๊อบ ๆ ๆ ๆ อ๊อบ !!!”
0,กบที่ยังพอมีแรงอยู่จึงช่วยกันร้องเรียกฝน
0,จนในที่สุดฝนก็ตกลงมา
0,เมื่อฝนตกลงมาน้ำในอ่างบัวจึงเพิ่มปริมาณขึ้นเรื่อยๆ
0,เมื่อน้ำเพิ่มขึ้นเรื่อยๆ จนล้นอ่างบัว ในที่สุดกบทุกตัวก็ออกมาจากอ่างบัวได้สำเร็จ
0,ยายแห้งลอยฟ้า
0,มารี คริสตีน ฟรองโซเลต์
0,นานมาแล้ว มีเด็กผู้หญิงที่ผอมมากคนหนึ่ง ใครๆ มักเรียกเธอว่า “ยายแห้ง”
-1,เธอผอมมากเพราะไม่ชอบกินอาหาร เวลาอาหารเช้าเธอก็กินแค่สองสามคำ
0,พอพักเที่ยงก็จะเอาอาหารกลางวันของตัวเองให้เพื่อนกิน
-1,ไม่ว่าแม่จะดุ
-1,หรือพยายามขอร้องอย่างไร ยายแห้งก็ไม่ยอมกิน
-1,สายลมซึ่งพัดผ่านมาทุกวัน เห็นแม่ของเธอทุกข์ใจทุกครั้งที่ยายแห้งไม่กินข้าว
1,ก็รู้สึกสงสารจึงคิดหาทางช่วย
-1,“ถ้าปล่อยให้แม่หนูยังผอมอยู่อย่างนี้ วันหนึ่งก็จะต้องล้มป่วยลงแน่ๆ ต้องทำอะไรสักอย่างแล้วเรา” สายลมคิด
0,วันหนึ่งขณะที่ยายแห้งกำลังเดินไปโรงเรียน ลมก็พัดกระโปรงสีชมพูของเธอจนพองขึ้นเหมือนดอกไม้ แล้วก็ค่อยๆ ลอยขึ้น
-1,เธอตกใจจนกระเป๋านักเรียนหลุดมือ พอไม่มีน้ำหนักของหนังสือคอยถ่วง ยายแห้งก็ลอยสูงขึ้น
-1,“ช่วยด้วยๆ ใครก็ได้ช่วยที” เธอตะโกนขอความช่วยเหลือ แต่เธออยู่สูงมากจนไม่มีใครได้ยิน
0,เธอลอยไปเรื่อยๆ อย่างไร้จุดหมาย
0,แล้วในที่สุดลมก็อ่อนแรงลง ยายแห้งค่อยๆ ลอยลงมานั่งบนกิ่งแอปเปิ้ล
0,เธอพยายามจะกระโดดลง แต่ไม่ว่าจะกระโดดกี่ครั้ง ลมก็พัดเธอลอยกลับขึ้นไปทุกที
0,“สงสัยว่าเราจะตัวเบาจนเกินไป ทำยังไงดีนะ” แล้วทันใดนั้น เธอก็เห็นผลแอปเปิ้ลที่กำลังสุกน่ากิน
0,“ถ้าเรากินอะไรเข้าไปบ้าง คงทำให้ตัวหนักขึ้น แล้วก็คงจะลงไปข้างล่างได้”
0,คิดได้ดังนั้น ยายแห้งจึงเด็ดแอปเปิ้ลมากินหนึ่งลูก เป็นครั้งแรกที่เธอรู้สึกถึงความอร่อย
0,พอกินเสร็จก็ลองกระโดดอีกครั้ง เธอลงไปจนเกือบจะถึงพื้นอยู่แล้ว แต่ก็ลอยกลับขึ้นมาอีก
0,“สงสัยจะกินน้อยไป” ว่าแล้วเธอก็กินแอปเปิ้ลอีกหนึ่งลูก แล้วในที่สุดเธอก็กลับลงสู่พื้นดินได้สำเร็จ
1,หลังจากเหตุการณ์นั้น ยายแห้งก็เปลี่ยนเป็นคนใหม่ไม่ต้องให้แม่บังคับให้กินอะไรอีกเลย
0,แมงมุมใยทอง
0,ฌานีน กอลลิเอ
0,แมงมุมตัวหนึ่งกำลังชักใยอยู่บนต้นไม้ต้นหนึ่ง ถ้ามองเผินๆ ก็เหมือนกับแมงมุมทั่วไป แต่ถ้าเราดูที่ใยของมันก็จะรู้ทันทีเลยว่ามันไม่ใช่แมงมุมธรรมดา
0,ทำไมน่ะหรือ ก็เพราะใยของมันเป็น “ทองคำ” น่ะสิ
1,เจ้าแมงมุมตัวนี้มีความภาคภูมิใจในใยทองคำของมันมาก
-1,มันมักจะพูดโอ้อวดใยทองคำของมันกับแมลงตัวอื่นๆ เสมอ
1,ในบรรดาแมลงที่อาศัยอยู่ในป่า มีแมลงทับชรา ซึ่งเป็นที่เคารพนับถือของแมลงทั้งหลายอยู่ตัวหนึ่ง
-1,มันมักจะเตือนเจ้าแมงมุมอยู่เสมอว่าให้เลิกนิสัยขี้คุย และไม่ให้หลงตัวเอง
-1,แต่เจ้าแมงมุมไม่เคยเชื่อฟัง แถมยังย้อนอีกว่า “อิจฉาฉันล่ะสิ ตาแก่ เห็นใยของฉันสวยกว่าปีกเขียวอี๋ของแกก็เลยทำเป็นว่า ฉันรู้ทันหรอกน่า”
0,ดังนั้นแมลงทับชราจึงไม่เตือนอะไรเจ้าแมงมุมอีกเลย
0,ข่าวเรื่องใยทองคำของเจ้าแมงมุมแพร่กระจายไปทั่วจนถึงในวัง องค์หญิงอยากได้เจ้าแมงมุมไปเป็นช่างทอผ้าประจำพระองค์ จึงสั่งให้ทหารไปนำตัวมันมา
1,เจ้าแมงมุมตื่นเต้นมากที่จะได้เข้าไปอยู่ในวัง มันรู้สึกราวกับเป็นบุคคลสำคัญเมื่อทหารมาโค้งคำนับเชิญ
-1,แมลงต่างๆ พากันมองด้วยความอิจฉา
1,มีเพียงแมลงทับชราเท่านั้นที่มองอย่างเป็นห่วง
0,“เจ้าแน่ใจหรือว่าอยากไปอยู่ที่นั่นจริงๆ เจ้าอาจจะมีอาหารกินมากมาย อาจจะได้นอนที่นอนนุ่มๆ
-1,แต่เจ้าจะไม่มีอิสระอีกต่อไป”
1,มันเตือนเจ้าแมงมุมด้วยความห่วงใย
-1,“ใครเขาสนใจเรื่องอิสระอะไรนั่นล่ะ ตัวเองไม่ได้ไปก็อิจฉาล่ะสิ” เจ้าแมงมุมว่า
0,แล้วมันก็เดินทางเข้าวังไปกับพวกทหาร
1,เมื่อองค์หญิงเห็นใยของเจ้าแมงมุมก็รู้สึกทึ่งมาก
1,“งดงามอะไรอย่างนี้ เราไม่เคยเห็นเส้นใยอะไรสวยงามเช่นนี้มาก่อน”
0,แล้วองค์หญิงก็สั่งให้เจ้าแมงมุมทอเส้นใยทองคำออกมาให้มากที่สุด เพื่อจะได้นำไปเย็บเป็นชุดสำหรับใส่ในงานต่างๆ
1,องค์หญิงจับมันใส่โหลแก้วและสั่งให้ทหารเอาแมลงอ้วนๆ มาให้กิน พระองค์กำชับให้ทุกคนดูแลเจ้าแมงมุมให้ดีไม่ให้หนีไปไหน
0,วันเวลาผ่านไป เจ้าแมงมุมยังคงตั้งหน้าตั้งตาทอใยของมันอย่างไม่รู้จักเหน็ดเหนื่อย
1,จนกระทั่งวันหนึ่ง ขณะที่กำลังทำงานอยู่อย่างขะมักเขม้น
1,มันก็เห็นแมลงต่างๆ ในสวนกำลังบินแล่นอย่างมีความสุข
0,มันจึงขออนุญาตองค์หญิงเพื่อออกไปเดินเล่นในสวนบ้าง
0,แต่องค์หญิงตอบว่า “ไม่ได้หรอกเจ้าแมงมุมน้อย เจ้ามีค่าสำหรับเรามาก
-1,เราปล่อยเจ้าออกไปไม่ได้หรอก ถ้าเจ้าไม่กลับมาเราก็แย่น่ะสิ”
0,“หม่อมฉันไม่หนีไปไหนหรอกองค์หญิง แค่ออกไปเดินเล่นเดี๋ยวเดียวเอง” เจ้าแมงมุมว่า
1,“ไม่ใช่ว่าเราไม่เชื่อใจเจ้าหรอกนะ
0,แต่ถ้าเกิดเจ้าถูกนกจับไปกินหรือเกิดอะไรขึ้นกับเจ้าล่ะ เรายอมไม่ได้หรอก”
0,องค์หญิงยืนกราน
0,ดังนั้นเจ้าแมงมุมจึงต้องใช้ชีวิตอยู่ในโหลแก้วแคบๆ นั้นต่อไป
0,มันเริ่มนึกถึงคำพูดของแมลงทับชรา “ถ้าเราเชื่อคำเตือนของแมลงทับแต่แรกก็คงไม่ต้องมาทนอุดอู้อยู่ในนี้หรอก”
-1,เจ้าแมงมุมหมดหวังที่จะได้ออกไปใช้ชีวิตข้างนอก มันคิดว่าตัวเองคงจะต้องตายอยู่ในโหล และไม่มีวันจะได้กลับไปที่ป่าอีกแล้ว
-1,แต่วันหนึ่งก็เกิดเรื่องไม่คาดฝันขึ้น ขณะที่ทหารกำลังถือโหลแก้วจะนำไปให้องค์หญิง เขาก็เกิดสะดุดหกล้มและทำโหลแก้วตกแตก
0,เจ้าแมงมุมถูกแรงกระแทกงงไปครู่หนึ่ง แต่พอรู้สึกตัวมันก็รีบหนีไปทันที
1,มันดีใจมากที่ได้เป็นอิสระอีกครั้ง
0,หลายวันผ่านไป ในที่สุดมันก็กลับถึงบ้าน
1,เจ้าแมงมุมรีบไปหาแมลงทับชรา มันเล่าเรื่องทั้งหมดให้ฟังและขอโทษที่เคยพูดไม่ดีกับแมลงทับชรา
0,มันสัญญาว่าจะปรับปรุงตัว และจะไม่เป็นเหมือนเมื่อก่อนอีกแล้ว
1,แมลงทับชราได้ฟังก็ดีใจและยกโทษให้
1,ตั้งแต่นั้นเป็นต้นมา เจ้าแมงมุมก็ใช้ชีวิตอย่างมีความสุขในป่าอันอบอุ่นกับเพื่อนๆ ของมัน
0,ม้าแกลบน้อยของลีน่า
0,เอ็มม่า เดเร็กโนกูร์
1,กาลครั้งหนึ่งนานมาแล้วมีหุบเขาเล็กๆ ที่เงียบสงบแห่งหนึ่ง
1,ผู้คนที่อาศัยอยู่ที่นี่ใช้ชีวิตกันอย่างมีความสุขท่ามกลางธรรมชาติที่สวยงาม
0,ลีน่าและครอบครัวอาศัยอยู่ในบ้านไม้หลังเล็กน่ารัก
0,พ่อของเธอเป็นเจ้าของฟาร์มเลี้ยงม้า และเป็นครูสอนขี่ม้าให้เด็กๆ ด้วย
1,ลีน่ารักม้าทุกตัวในฟาร์ม แต่ตัวที่เธอรักมากที่สุดชื่อ “มายา”
0,ตอนนี้มายากำลังท้องและใกล้จะออกลูกเต็มทีแล้ว
1,เช้าวันหนึ่งขณะกำลังรับประทานอาหารเช้า พ่อของลีน่าซึ่งออกไปที่ฟาร์มตั้งแต่เช้ามืดก็วิ่งเข้ามาในครัวอย่างตื่นเต้นพร้อมกับตะโกนว่า “มายาออกลูกแล้ว!”
0,พอลีน่าได้ยินก็รีบวิ่งไปที่คอกม้าทันที
0,เจ้าลูกม้ากำลังนอนซุกแม่ของมันอยู่
1,ลีน่าตื่นเต้นกับขนที่หยิกหนาของมัน
0,“พ่อเคยเห็นลูกม้าที่มีขนหยิกอย่างนี้ไหมคะ” เธอถามพ่อซึ่งเดินตามออกมาด้วย
0,“ไม่เลยลูก พ่อไม่เคยเห็นมาก่อนเลย” พ่อตอบ
1,“จริงหรือคะ ถ้าอย่างนั้นก็แสดงว่าม้าของหนูไม่เหมือนของใครเลยสิคะ โอ! เยี่ยมไปเลย” ลีน่าพูดอย่างมีความสุข
-1,ในขณะที่พ่อของเธอท่าทางเป็นกังวลกับความผิดปกติของเจ้าลูกม้า
1,ลีน่ารักลูกม้าตัวนี้มาก เธอตั้งชื่อให้มันว่า “ไมกี้”
0,หลายเดือนผ่านไป เจ้าไมกี้ก็โตพอที่จะออกไปอยู่กับม้าอื่นๆ ในทุ่งหญ้าได้
-1,แต่แทนที่จะได้อยู่อย่างมีความสุข มันกลับถูกม้าอื่นๆ แสดงท่าทางรังเกียจและไม่ยอมให้เข้ากลุ่มด้วย เพราะว่ามันมีขนไม่เหมือนม้าตัวอื่นนั่นเอง
0,เมื่อฤดูร้อนมาถึง เด็กๆ ก็มาเรียนขี่ม้ากันมากขึ้น
0,ลีน่าต้องคอยช่วยพ่อกับแม่ทำงานทุกอย่างเท่าที่จะทำได้ ตั้งแต่แปรงขนม้า ทำความสะอาดรองเท้า
-1,และคอยบอกวิธีขึ้นลงม้าให้พวกเด็กๆ รวมไปถึงคอยจัดการเวลาที่พวกนั้นทะเลาะกันด้วย
1,ลีน่ามีความสุขกับงานในฟาร์ม
-1,แต่สิ่งที่ทำให้เธอยังวิตกกังวลอยู่
-1,ก็คือการที่เจ้าไมกี้ไม่มีเพื่อน และมักถูกพวกเด็กๆ แกล้งอยู่เสมอ
-1,เธอสงสารเจ้าไมกี้มาก
1,จึงไปอยู่เป็นเพื่อนเล่นกับมันนานๆ
-1,เพื่อไม่ให้มันเหงา
1,ความรักจากลีน่านั้นเป็นสิ่งเดียวที่ทำให้เจ้าไมกี้มีความสุขและอยากมีชีวิตอยู่ต่อไป
1,เวลาผ่านไป เจ้าไมกี้กลายเป็นม้าหนุ่มที่โตเต็มที่ แม้ว่ามันจะตัวเล็กแต่ก็แข็งแรงมาก
0,พ่อพาลีน่าไปซื้ออานและอุปกรณ์ขี่ม้าอื่นๆ
0,เธอเลือกอานหนังสีน้ำตาลกับบังเหียนที่เข้าชุดกัน และหลังจากใช้เวลาไม่นาน เจ้าไมกี้ก็ยอมให้ลีน่าขึ้นขี่หลัง
1,แล้วเรื่องแปลกก็เกิดขึ้น เมื่อคุณลุงบาสเตียนผู้ใจดีมาเยี่ยมลีน่าและครอบครัว
0,คุณลุงเป็นหัวหน้าหน่วยกู้ภัยประจำภูเขา มีหน้าที่ช่วยเหลือผู้บาดเจ็บจากการปีนเขาและเล่นสกี
1,คุณลุงมีสุนัขคู่ใจตัวหนึ่งชื่อ “โตโต้” มันเป็นสุนัขที่ฉลาดมาก และเคยช่วยชีวิตคนมามากมายนับไม่ถ้วน
1,ตอนแรกเจ้าโตโต้ก็ยังไม่ค่อยคุ้นกับเจ้าไมกี้ แต่ไม่นานทั้งสองก็สนิทสนมกันมาก ถึงขนาดไม่ยอมแยกจากกันเลย
0,ทุกคนต่างสงสัยว่าทำไมจึงเป็นเช่นนั้น
1,ลีน่าดีใจที่ไมกี้มีเพื่อน แต่พอใกล้ถึงวันที่คุณลุงบาสเตียนกับเจ้าโตโต้จะต้องกลับบ้าน
-1,ทุกคนก็เป็นห่วงว่าพวกมันจะอยู่อย่างไรถ้าไม่มีอีกฝ่ายหนึ่ง
0,หลังรับประทานอาหารเย็นในคืนสุดท้ายก่อนจะกลับ คุณลุงก็พูดขึ้นว่า “ลีน่า หลานจะว่าอะไรไหมถ้าลุงจะขอเจ้าไมกี้ไปอยู่ด้วย ลุงอยากให้มันไปช่วยเจ้าโตโต้ลากเลื่อน”
-1,ลีน่าได้ยินก็ตกใจ เธอไม่เคยคิดมาก่อนว่าจะต้องแยกกับเจ้าไมกี้
0,“ที่นั่นอากาศหนาวมาก ไมกี้จะทนได้หรือคะ” เธอหาเหตุผลมาอ้าง
1,“เจ้าไมกี้ไม่เหมือนม้าทั่วไป มันมีขนที่หนากว่าม้าอื่นๆ แล้วก็แข็งแรงมาก
1,มันอยู่ที่นั่นได้อย่างสบายแน่ๆ หลานไม่ต้องเป็นห่วง” คุณลุงว่า
1,และก่อนที่ลีน่าจะพูดอะไรอีก คุณลุงก็พูดต่อว่า “ลุงรู้ว่าหลานรักมันมาก
1,ลีน่า ลุงสัญญาว่าจะดูแลมันอย่างดีที่สุด และถ้าหลานคิดถึงมันก็ไปหาได้ตลอดเวลาเลย”
1,ลีน่ารู้ดีว่าเจ้าไมกี้จะต้องมีความสุขถ้าไปอยู่กับคุณลุงและเพื่อนรักของมัน เธอรู้ว่าคุณลุงจะดูแลมันเป็นอย่างดี
1,ในที่สุดเธอก็ตัดสินใจ “ตกลงค่ะ หนูจะให้มันไปอยู่กับคุณลุง มันคงมีความสุขที่ได้มีเพื่อน”
-1,วันรุ่งขึ้น ก่อนออกเดินทาง ลีน่ากอดเจ้าไมกี้อย่างอาลัยอาวรณ์ ลูบขนหนาๆ ของมันเบาๆ แล้วคุณลุงบาสเตียนก็พามันขึ้นรถจากไป
0,เมื่อถึงฤดูหนาว ลุงบาสเตียนก็ให้เจ้าไมกี้ออกไปทำงาน โดยให้มันกับเจ้าโตโต้ช่วยกันลากเลื่อนออกไปช่วยผู้บาดเจ็บบนภูเขาที่ปกคลุมด้วยหิมะ ไม่นานเพื่อนรักทั้งสองก็เป็นที่รู้จักและกลายเป็นขวัญใจของหมู่บ้าน
0,ใครที่ไปเที่ยวที่นั่นก็มักจะถ่ายรูปกับพวกมันไว้เป็นที่ระลึก
1,พอถึงตอนปิดเทอม ลีน่าไปเยี่ยมไมกี้ เธอดีใจมากที่เห็นมันมีความสุข
0,แพะอยากกินน้ำอัดลม
0,ฌากเกอลีน โบวี
1,ณ ฟาร์มเลี้ยงแพะแห่งหนึ่ง มีแพะตัวเมียตัวหนึ่งชื่อ “โฟแลต” มันเป็นแพะที่มักจะมีความคิดประหลาดๆ อยู่เสมอ ยกตัวอย่างเช่น อยากกินน้ำอัดลม
0,ทุกวันอาทิตย์ ทุกคนในครอบครัวของเจ้าของฟาร์มจะนั่งรถออกไปหาอะไรดื่มกันที่ร้านประจำ ซึ่งตั้งอยู่ริมแม่น้ำ
1,ทุกครั้งที่พวกเขาไป เจ้าโฟแลตก็จะยืนมองอย่างมีความหวังว่าสักวันหนึ่งมันจะได้ไปกับพวกเขาด้วย
0,มันฝันที่จะได้กินน้ำอัดลมสักแก้ว แต่ก็ไม่เคยมีใครคิดจะพามันไปด้วยสักคน
0,เจ้าโฟแลตอยากกินน้ำอัดลมมากจนไม่ยอมกินอะไรเลย
0,หลายวันผ่านไปมันก็ผอมจนไม่มีน้ำนมสำหรับเอาไปทำเนย
1,เจ้าของฟาร์มแปลกใจมากจึงมาถามมันว่า “เป็นอะไรไปล่ะโฟแลต ทำไมไม่ยอมกินอะไรเลย ไม่หิวหรือไง”
-1,“หิวสิ แต่ฉันเบื่อหญ้า แล้วก็น้ำจืดๆ นั่นด้วย ฉันอยากกินอย่างอื่นบ้าง” มันบอก
0,“แปลกจริงๆ เลยเจ้านี่ ฉันไม่เคยเห็นแพะที่ไหนไม่อยากกินหญ้า แล้วเจ้าอยากกินอะไรล่ะ” เจ้าของฟาร์มถาม
-1,“เอ่อ...ฉันอยากกินน้ำอัดลมน่ะ” มันตอบอายๆ
1,“น้ำอัดลม! แกรู้จักน้ำอัดลมด้วยหรือ” เจ้าของฟาร์มแปลกใจ
0,“รู้สิ ก็ฉันเคยได้ยินพวกเด็กๆ คุยกันว่าพวกเขาไปดื่มน้ำอัดลมกันทุกวันอาทิตย์ ที่ร้านริมแม่น้ำ” เจ้าโฟแลตตอบ
1,เจ้าของฟาร์มได้ยินก็หัวเราะพลางพูดว่า “อย่างนี้นี่เอง ฉันว่าเจ้าคงไม่ชอบมันเท่าไรนักหรอก แต่ถ้าอยากกิน ฉันก็จะเอามาให้ชิมดู”
0,แล้วเขาก็เดินไปที่บ้าน ไม่นานก็กลับมาพร้อมกับขวดน้ำอัดลม
0,เขาเทใส่ชามแล้ววางไว้ตรงหน้าเจ้าโฟแลต
1,พอเห็นน้ำอัดลม เจ้าแพะก็รีบเลียอย่างดีใจ
1,“ชอบไหมล่ะ” เจ้าของฟาร์มถาม
1,“ชอบจ้ะ อร่อยมากเลย” เจ้าโฟแลตตอบอย่างมีความสุข
0,“แล้วทีนี้จะกินหญ้าได้หรือยังล่ะ จะได้มีนมไปทำเนย”
0,เจ้าโฟแลตลังเลอยู่ครู่หนึ่งก่อนจะตอบว่า “คืออย่างนี้นะจ๊ะ ตอนที่เด็กๆ คุยกันถึงน้ำอัดลม เขายังเล่าถึงร้านที่ไปด้วยว่าสวยมากๆ ฉันก็เลยอยากไปบ้างน่ะจ้ะ”
-1,“อะไรนะ!” เจ้าของฟาร์มตกใจ พอเห็นท่าทางผิดหวังของเจ้าแพะ
-1,เขาก็ลูบหลังมันแล้วพูดว่า “ฉันคงพาเจ้าไปไม่ได้หรอกนะ เพราะไม่มีใครเขาพาแพะไปนั่งกินน้ำอัดลมในร้านอาหารกันหรอก เสียใจด้วยนะ”
0,พอถึงเวลาอาหารค่ำ เจ้าของฟาร์มก็เล่าเรื่องนี้ให้ภรรยาของเขาฟัง
1,แล้วเธอก็พูดขึ้นว่า “ทำไมคุณถึงไม่พามันไปล่ะ น่าสนุกดีออก”
1,เจ้าของฟาร์มมองภรรยาของเขาอย่างแปลกใจ
1,“เธอนี่ก็แปลกพอๆ กับเจ้าโฟแลตเลย ใครที่ไหนเขาจะให้เราเอาแพะเข้าไปในร้านอาหารของเขาล่ะ”
1,“ทำไมจะไม่ได้ล่ะ คุณเคยเอาไปหรือ ก็ทีสุนัขยังเข้าได้ แล้วทำไมแพะถึงเข้าไม่ได้ เจ้าโฟแลตน่ะเรียบร้อยยิ่งกว่าสุนัขอีกนะ”
0,ดังนั้นเจ้าของฟาร์มจึงต้องยอมทำตามความเห็นของภรรยา
0,วันอาทิตย์ต่อมา เจ้าโฟแลตจึงได้ขึ้นรถไปกับทุกคนด้วย
0,เมื่อไปถึง ภรรยาของเจ้าของฟาร์มก็จูงมันเดินนำเข้าไปในร้าน
0,พนักงานเห็นแพะเข้ามาในร้านก็ทำท่างง
0,เธอจึงถามเขาว่า “นี่พ่อหนุ่ม ฉันเอาแพะเข้ามากินอาหารด้วยได้ไหม”
0,“เอ่อ...อะไรนะครับ” พนักงานยังงงไม่หาย
0,“แพะไง รู้จักไหม ฉันจะเอาแพะเข้ามาได้ไหม
1,มันเรียบร้อยมากเลยนะ
1,ไม่ต้องกลัวว่าจะทำวุ่นวายหรอก”
1,พนักงานหนุ่มเห็นเจ้าโฟแลตยืนนิ่งเรียบร้อยก็เลยตัดสินใจว่า “ถ้าอย่างนั้นเชิญทางนี้เลยครับ ตรงโต๊ะริมน้ำ”
0,ดังนั้นเจ้าโฟแลตจึงได้กินน้ำอัดลมในร้านที่อยู่ริมแม่น้ำเหมือนอย่างที่ฝัน
1,พอลูกค้าคนอื่นๆ เห็นแพะก็พากันมองดูอย่างแปลกใจ บางคนก็มาขอถ่ายรูป คนที่ผ่านไปผ่านมาก็เข้ามาดู วันนั้นจึงมีลูกค้าแน่นร้านไปหมด
1,“วันนี้ผมไม่คิดเงินพวกคุณนะครับ เพราะเจ้าแพะตัวนี้ ร้านของเราจึงมีลูกค้าเต็มไปหมด แล้วคราวหน้าพามันมาอีกนะครับ”
0,ดังนั้นเจ้าโฟแลตจึงได้ไปกินน้ำอัดลมกับครอบครัวนี้ทุกอาทิตย์เลย
0,พรวิเศษจากนกน้อย
0,ฟรองซัวส์ เลอ เกลาเอค
1,เช้าวันหนึ่งหลังจากหิมะตกหนักมาตลอดทั้งคืน กามีย์รีบตื่นมาเตรียมตัวออกไปเล่นกับเพื่อนๆ
1,“แม่จ๋า! หนูออกไปเล่นกับเพื่อนนะ”
1,เธอตะโกนบอกแม่ก่อนจะวิ่งตื๋อออกไปรวมกับเด็กอื่นๆ ที่กำลังเล่นปาหิมะกันอย่างสนุกสนานบนถนน ซึ่งตอนนี้กลายเป็นสนามเด็กเล่นไปแล้ว
0,“กามีย์!” ใครคนหนึ่งตะโกนเรียก
0,พอเธอหันไปก็ถูกปาด้วยหิมะก้อนเบ้อเริ่ม
1,จูเลียนเพื่อนของเธอหัวเราะชอบใจ “ฮ่า ฮ่า ฮ่า โดนเต็มหน้าเลย”
0,กามีย์รีบโกยหิมะแล้วขว้างกลับไป
1,พวกเด็กๆ เล่นทำสงครามหิมะกันอย่างสนุกสนาน แต่ไม่นานก็เริ่มรู้สึกหนาว
0,ทั้งหมดจึงตกลงกันว่าจะไปผิงไฟที่บ้านของจูเลียน
0,ระหว่างที่กำลังเดินไปยังบ้านของจูเลียน กามีย์ก็ได้ยินอะไรบางอย่างจึงหยุดเดิน
0,“หยุดทำไมล่ะกามีย์ รีบไปเถอะ หนาวจะแย่อยู่แล้ว” จูเลียนบอก
0,“ฉันได้ยินเสียงอะไรบางอย่าง เธอไม่ได้ยินเหรอ” กามีย์ว่า
0,“เสียงอะไรไม่เห็นได้ยินเลย ไปกันเถอะ ฉันอยากดื่มโกโก้ร้อนๆ กับขนมปังแสนอร่อยฝีมือแม่จะแย่อยู่แล้ว” จูเลียนเร่ง
0,“นั่นไง ฟังสิ” กามีย์ยังยืนนิ่ง
0,“จิ๊บ จิ๊บ” เสียงนั้นดังขึ้น
1,“จริงด้วย มีเสียงจากตรงนั้น” จูเลียนพูดพลางชี้มือไปที่ใต้ต้นไม้
0,แล้วพวกเด็กๆ ก็พากันเดินไปดู
0,“อยู่ตรงนี้เอง โถ...เจ้านกที่น่าสงสาร คงจะหนาวมากสินะ” กามีย์พูดพลางถอดหมวกไหมพรมของตัวเองออกมาคลุมตัวมันไว้
1,“ไปหาคุณปู่กันเถอะ คุณปู่ต้องช่วยมันได้แน่ๆ” จูเลียนพูด
1,ปู่ของจูเลียนเป็นคนเลี้ยงแกะที่เก่งมาก
-1,เวลามีสัตว์บาดเจ็บ
0,ชาวบ้านก็มักจะพามาให้คุณปู่รักษา
1,“ต้องให้มันนอนในกล่องที่ปูด้วยฟาง มันถึงจะอุ่นสบาย” คุณปู่บอกเด็กๆ เมื่อไปถึง
0,กามีย์จึงไปหากล่องเล็กๆ มาใส่ฟางแล้ววางนกน้อยลงไป
1,“หนูจะเลี้ยงมันจนโตเลย” กามีย์บอก
1,“แต่ปู่ว่าเราช่วยกันรักษามันให้หาย แล้วปล่อยมันกลับไปอยู่กับครอบครัวตามธรรมชาติดีกว่าไหม” คุณปู่บอก
0,“ก็ได้ค่ะ หนูจะรักษามันให้หาย แล้วก็ปล่อยมันไป”
0,“ถ้าอย่างนั้นก็ให้เจ้านกอยู่ที่นี่ก่อน ปู่จะได้ช่วยดูแล”
1,วันรุ่งขึ้น กามีย์รีบไปดูนกน้อยแต่เช้า “เป็นยังไงบ้างเจ้านก สบายดีหรือยัง”
0,เธอพูดพลางลูบขนอันอ่อนนุ่มของเจ้านกเบาๆ
1,“เกือบจะหายดีแล้วล่ะ ขอบใจเธอมากเลยนะที่ช่วยฉันไว้” มีเสียงตอบเธอ
-1,กามีย์ตกใจมาก
0,“เธอ...เธอพูดได้เหรอ”
0,“ได้สิ ทำไมจะไม่ได้ล่ะ” เจ้านกว่า
0,“ฉันไม่เคยเห็นนกตัวไหนพูดได้มาก่อนเลย อย่างมากก็พูดประโยคซ้ำๆ ที่มีคนฝึกให้พูด ไม่ใช่พูดโต้ตอบกับมนุษย์อย่างนี้” กามีย์บอก
0,“ก็เพราะเธอไม่เคยคิดที่จะคุยกับพวกฉันมากกว่าน่ะสิ สิ่งมีชีวิตทุกอย่างบนโลกนี้ล้วนมีภาษาของตัวเอง เพียงแต่พยายามฟัง เธอก็จะได้ยิน” เจ้านกอธิบาย
0,“แล้วเธอชื่ออะไรล่ะ” กามีย์ถาม
0,“ซิลแวง แล้วเธอล่ะ” มันถามบ้าง
0,“ฉันชื่อกามีย์”
1,“ฉันเคยเห็นเธอหลายครั้งแล้วล่ะ ตอนที่เธอเอาอาหารไปให้พวกนกที่หิวโหยน่ะ เธอเป็นเด็กดีมากนะ
1,และเพื่อเป็นการตอบแทนที่เธอช่วยฉันไว้ ฉันจะให้เธอขอพรวิเศษได้สามข้อ” เจ้านกซิลแวงบอก
0,“เธอจะทำได้ยังไง ในเมื่อเธอเป็นแค่นกเล็กๆ ตัวหนึ่งเท่านั้น” กามีย์สงสัย
0,“แล้วใครบอกเธอล่ะว่าฉันเป็นแค่นกธรรมดา ฉันเป็นเทวดานะ เดี๋ยวจะแปลงร่างให้ดู” ซิลแวงพูด
0,ทันใดนั้น! เจ้านกน้อยก็กลายเป็นเด็กผู้ชายสวมเสื้อหนังกับกางเกงยีนขาดๆ
1,“โอ้โฮ! แต่งตัวอย่างกับนักร้องวงร็อก ไม่เห็นเหมือนเทวดาในหนังสือนิทานเลย” กามีย์แปลกใจ
0,“ฉันเป็นเทวดารุ่นใหม่นะ จะให้แต่งตัวเชยๆ เหมือนเมื่อก่อนได้ยังไงล่ะ”
0,“แล้วฉันขออะไรได้บ้างล่ะ” กามีย์ถาม
0,“อะไรก็ได้ที่เธอต้องการ” เขาบอก
0,“อืม...คิดได้อย่างหนึ่งแล้ว แต่ไม่รู้ว่าเธอจะทำได้หรือเปล่านะ”
0,“ก็ลองบอกมาก่อนสิ”
-1,“ฉันอยากให้เธอช่วยซ่อมหลังคาบ้านของคุณปู่ให้หน่อยน่ะ เพราะมันเก่ามากแล้วและที่หลังคาก็มีรูรั่วตั้งหลายรู เวลาฝนหรือหิมะตก คุณปู่จะลำบากมาก”
1,“เรื่องแค่นี้เอง สบายมาก เดี๋ยวเธอคอยดูนะ” แล้วซิลแวงก็เริ่มร่ายมนต์ “อะบราคะดา เทพธิดาพ่อมด ที่มีทั้งหมด จงมาทันที”
1,ทันใดนั้นก็มีควันสีขาวลอยขึ้นรอบตัวของเขา พอกามีย์มองไปที่บ้านของคุณปู่ก็พบว่ามีเทวดา และนางฟ้ามากมายกำลังช่วยกันซ่อมแซมหลังคาบ้านของคุณปู่อย่างตั้งอกตั้งใจ เวลาผ่านไปไม่นานทุกอย่างก็เรียบร้อย
1,“โอ้โฮ! ไม่น่าเชื่อเลย ฉันไม่คิดเลยว่าจะมีเทวดานางฟ้าอยู่จริงๆ” กามีย์บอกอย่างตื่นเต้น
0,แต่พอเธอหันมาที่ซิลแวงก็ปรากฏว่าเขากลายร่างกลับไปเป็นนกน้อยเหมือนเดิมแล้ว
1,“ขอบใจนะซิลแวง” เธอพูดพลางลูบขนมันเบาๆ
0,วันต่อมากามีย์ก็ไปหาซิลแวงอีก “สวัสดีซิลแวง” เธอทัก
0,แต่เจ้านกน้อยกลับนอนนิ่ง
-1,“เป็นอะไรไปซิลแวง ทำไมเธอดูเหมือนป่วยหนักอย่างนี้ล่ะ
1,เมื่อวานยังดูแข็งแรงอยู่เลย”
-1,กามีย์เริ่มร้องไห้เพราะกลัวว่าเจ้านกน้อยจะเป็นอะไรไป
-1,“ร้องไห้ทำไม กามีย์” เสียงของนกตัวหนึ่งที่กำลังบินเข้ามาพูดขึ้น
0,แล้วมันก็กลายร่างเป็นเทวดาน้อยซิลแวง
0,“ฉันนึกว่านกตัวนี้เป็นเธอ ฉันเรียกแล้วมันไม่ตอบก็เลยนึกว่าเธอเป็นอะไรไปแล้ว”
0,“นี่เพื่อนฉันเอง ฉันเห็นเขานอนหนาวอยู่ข้างนอกก็เลยพามาที่นี่” ซิลแวงอธิบายก่อนจะถามต่อ
0,“แล้วเธอคิดออกหรือยังว่าจะขออะไรอีกสองข้อ”
0,“ฉันคิดได้แล้วล่ะ แต่ข้อนี้ยากกว่าข้อแรกอีกนะ ไม่รู้ว่าเธอจะทำได้หรือเปล่า” กามีย์บอก
0,“บอกมาสิ แล้วฉันจะลองดู”
0,“อีกไม่กี่วันก็จะถึงวันคริสต์มาส ฉันอยากให้เด็กๆ ได้ของขวัญจากซานตาคลอสกันทุกคนเลย” เธอบอกความต้องการ
0,“ยากเหมือนกันนะข้อนี้” ซิลแวงบอกก่อนจะร่ายมนต์
1,“อะบราคาดา ท่านซานต้าอยู่ไหน รีบมาเร็วไว ขอให้ช่วยที” ทันใดนั้นซานตาคลอสก็ปรากฏตัวขึ้น
1,“สวัสดีจ้ะหนูน้อย มีอะไรให้ฉันช่วยหรือจ๊ะ” เขาถามกามีย์
1,“คือหนูอยากให้เด็กทุกคนได้ของขวัญคริสต์มาสน่ะค่ะ พวกเขาจะได้มีความสุข” กามีย์พูด
1,“ฉันก็อยากให้เป็นอย่างนั้นเหมือนกัน แต่ลำพังฉันคนเดียวก็คงไปแจกของขวัญให้เด็กทุกคนไม่ไหว เรื่องนี้คงต้องให้เทวดาน้อยช่วยแล้วล่ะ” ซานตาคลอสพูดพลางหันไปมองซิลแวง
1,“ถ้าอย่างนั้นผมไปบอกเพื่อนๆ ให้มาช่วยคุณลุงแล้วกันนะครับ” ซิลแวงบอกก่อนที่จะกลายร่างเป็นนกแล้วบินไป
0,พอกามีย์หันไปเพื่อจะพูดกับซานตาคลอสก็ปรากฏว่าเขาหายไปแล้ว กามีย์จึงกลับบ้าน
0,สามวันต่อมาเป็นวันคริสต์มาส กามีย์มาหาซิลแวงแต่เช้า
1,“ฉันจะมาขอพรข้อสุดท้าย” เธอรีบบอก
0,“ว่ามาเลย” ซิลแวงพูด
1,“ฉันขอให้ทุกคนในครอบครัวของฉันมีความสุขตลอดไป” เธอบอก
1,ซิลแวงได้ฟังก็ยิ้มแล้วพูดขึ้นว่า “ฉันว่าเรื่องนี้ฉันคงไม่ต้องใช้อำนาจวิเศษอะไรช่วยหรอกนะ
1,เพราะทุกอย่างขึ้นอยู่กับตัวของเธอเอง เธอคงรู้นะว่าทำอย่างไรคนรอบข้างของเธอจึงจะมีความสุข” พูดจบซิลแวงก็กลายร่างเป็นกน้อยแล้วบินจากไป
0,กามีย์ยืนมองจนนกน้อยบินลับตาไปแล้วก็กลับบ้าน
1,และตั้งแต่นั้นเป็นต้นมา กามีย์ก็ไม่ได้พบซิลแวงอีกเลย แต่เธอก็ยังจดจำนกน้อยที่แสนวิเศษนั้นได้ไม่มีวันลืม
0,ผีน้อยลูแตง
0,ปิแอร์ ซาฟร์
0,จิมกับจอห์นเป็นพี่น้องฝาแฝด ทั้งสองอาศัยอยู่กับคุณยายมาตั้งแต่เล็กๆ
1,คุณยายรักหลานสองคนนี้มาก ท่านพยายามสอนให้พวกเขาเป็นเด็กที่มีความรับผิดชอบและขยันหมั่นเพียร
-1,แต่จิมกับจอห์นมักจะห่วงเล่น ไม่ค่อยช่วยคุณยายทำงาน คุณยายจึงต้องทำงานหนักอยู่คนเดียว ไม่นานท่านก็ล้มป่วยลง
-1,เมื่อไม่มีคุณยายคอยทำอะไรๆ ให้จิมกับจอห์นก็เริ่มลำบาก พวกเขาไม่มีอาหารกิน ไม่มีเสื้อผ้าสะอาดๆ ใส่ และบ้านก็เริ่มรกมากขึ้นทุกที
0,ในที่สุดเด็กทั้งสองก็ตัดสินใจว่าต้องทำอะไรสักอย่าง เพื่อจัดการกับปัญหาที่เกิดขึ้น
0,พวกเขาพากันไปปรึกษาเพื่อนคนหนึ่งซึ่งเป็นนักดนตรีตาบอด เมื่อเล่าเรื่องทั้งหมดให้ฟัง
0,เพื่อนคนนั้นก็พูดว่า “ทำไมพวกเจ้าไม่ไปขอให้ลูแตงช่วยล่ะ”
0,“ลูแตงคืออะไรเหรอ” จิมถาม
0,“ก็คือผีน้อยที่จะมาช่วยเราทำงานในตอนกลางคืน แล้วก็หายไปตอนพระอาทิตย์ขึ้นน่ะสิ” เพื่อนคนนั้นบอก
0,“แล้วเราจะไปหาเขาได้ที่ไหนล่ะ” จอห์นถาม
0,“ฉันก็ไม่รู้เหมือนกัน แต่ถ้าเจ้าลองไปถามนกเค้าแมวที่อยู่ที่หอคอยร้างดู มันอาจจะรู้ก็ได้” เขาตอบ
-1,ดังนั้นในตอนค่ำ สองพี่น้องฝาแฝดจึงออกจากบ้านเพื่อไปที่หอคอยร้าง บรรยากาศรอบๆ ตัวน่ากลัวมาก มืดและเงียบสนิท
0,เมื่อไปถึงพวกเขาก็พบนกเค้าแมวตัวหนึ่ง
-1,“สะ...สวัสดีครับท่านนกเค้าแมว” พวกเขาทักมันอย่างกลัวๆ
0,“เธอมาทำอะไรกันมืดๆ อย่างนี้” นกเค้าแมวถาม
1,“พวกเรามีเรื่องอยากให้ท่านช่วยหน่อยน่ะครับ”
0,“คงจะเป็นเรื่องสำคัญมากสินะ ถึงทำให้พวกเจ้ามาที่นี่ได้ ลองบอกให้ข้าฟังหน่อยซิ” นกถาม
0,“คือพวกเราอยากพบผีน้อยลูแตงน่ะครับ เราอยากให้เขาไปช่วยเราทำงานบ้าน
-1,เพราะตอนนี้คุณยายไม่สบายมาก เราจึงต้องทำงานทุกอย่างกันเอง” จอห์นบอก
0,“เรื่องนี้เอง งั้นเดี๋ยวข้าจะบอกคาถาเรียกเจ้าผีน้อยให้ฟังนะ จำให้ดีล่ะ” นกเค้าแมวยิ้มแล้วพูด
1,“ออกมาเถิดผีน้อยผู้น่ารัก ออกมาจากบึงนี้ ฉันเห็น...” มันพูดแค่นั้นแล้วก็หยุด
0,“เห็นอะไรครับ” จิมถาม
0,“ข้าบอกเจ้าไปหมดแล้ว ต่อไปนี้ก็เป็นเรื่องของเจ้าที่จะต้องจัดการเอง ไปท่องคาถานี้ที่บึงน้ำนั่น แล้วเจ้าก็จะพบคำตอบ” พูดจบมันก็บินจากไป
0,จิมกับจอห์นจึงไปที่บึงแล้วทำตามที่เจ้านกบอก “ออกมาเถิดผีน้อยผู้น่ารัก ออกมาจากบึงนี้ ฉันเห็น...”
0,พวกเขาท่องคาถาพร้อมกัน แต่ก็ไม่มีอะไรเกิดขึ้น
-1,“เจ้านกเค้าแมวนั่นต้องหลอกเราแน่ๆ” จอห์นโวยวาย แล้วทั้งสองก็เดินกลับไปหานกเค้าแมว
-1,“เจ้านกโกหก ไม่เห็นจะมีผีที่ไหนสักตัว”จอห์นว่าเจ้านก
0,“พวกเจ้าทำตามที่ข้าบอกหรือเปล่า” มันถาม
0,“พวกเราทำตามที่ท่านบอกทุกอย่างนั่นแหละ แต่ไม่เห็นจะมีอะไรเกิดขึ้นเลย” จิมบอก
0,“แล้วเจ้าก้มลงไปดูในน้ำหรือเปล่า” เจ้านกถาม
0,เด็กทั้งสองพยักหน้าตอบ “ก็เห็นแต่หน้าเราสองคนน่ะสิ ถามได้”
-1,จอห์นตอบอย่างโกรธๆ
1,เจ้านกได้ฟังก็หัวเราะชอบใจ
-1,“ก็นั่นไงล่ะ พวกเจ้าก็ได้เห็นหน้าผีน้อยลูแตงแล้วนี่ ยังมาว่าข้าอีกทำไม” พูดจบมันก็บินหนีไป
1,วันรุ่งขึ้น คุณยายอาการดีขึ้นมากเพราะได้นอนพักผ่อนเต็มที่
1,แต่เมื่อลุกขึ้นมาเพื่อจะทำงานคุณยายก็ต้องประหลาดใจมากเมื่อพบว่าทุกอย่างในบ้านเป็นระเบียบร้อยหมดแล้ว
1,“เกิดอะไรขึ้นนี่ ทำไมบ้านถึงเรียบร้อยอย่างนี้ ต้องเป็นฝีมือของผีน้อยลูแตงแน่ๆ เลย”
0,แล้วคุณยายก็ค่อยๆ เดินไปที่ห้องของหลานทั้งสอง
1,พวกเขากำลังนอนหลับสนิทเพราะความเหนื่อยอ่อน มีเพียงเขาสองคนเท่านั้นที่รู้ว่าเกิดอะไรขึ้น
0,หงส์ขนทอง
0,ฌานีน กอลลิเอ
-1,กาลครั้งหนึ่งในทะเลสาบที่สวยงาม มีหงส์ที่หลงตัวเองตัวหนึ่ง
-1,มันชอบดูถูกสัตว์อื่นๆ ว่าต่ำต้อยกว่าตน เพราะมันสืบเชื้อสายมาจากตระกูลหงส์ที่สูงศักดิ์ในสมัยโบราณ
1,คืนหนึ่งหงส์ผู้เย่อหยิ่งสังเกตเห็นขนทองคำเส้นหนึ่งงอกออกมาตรงปลายปีก พอวันรุ่งขึ้นก็พบอีกเส้นหนึ่งที่คอ และวันต่อมาก็พบอีกเส้นหนึ่งที่ปลายหาง
1,เชื่อไหมว่ามันไม่รู้สึกแปลกใจสักนิดเดียว เพราะมันคิดว่ามันสมควรจะได้รับสิ่งเหล่านี้อยู่แล้ว และยิ่งกว่านั้นมันกลับกำลังรอว่าเมื่อใดจะมีมงกุฎงอกขึ้นบนหัวเสียที
1,พวกนักท่องเที่ยวและชาวเมืองพากันมาดูหงส์ประหลาดสีทองอย่างตื่นเต้น
0,แต่ความจริงอย่างหนึ่งก็คือ ยิ่งขนทองงอกออกมาแทนขนขาวมากขึ้น หงส์ผู้ยิ่งใหญ่ก็ยิ่งมีน้ำหนักมากขึ้น ทำให้มันว่ายน้ำลำบาก
1,พวกเป็ดมองดูพญาหงส์ผู้สูงศักดิ์อย่างแปลกใจเพราะมันลากตัวขึ้นบนตลิ่งและซ่อนตัวอยู่ใต้สะพาน
0,ในที่สุด เมื่อขนขาวอันสุดท้ายเปลี่ยนเป็นทอง ขณะที่มันจุ่มหัวลงในน้ำเพื่อมองหาอาหาร หงส์ ผู้ยิ่งใหญ่ก็จมดิ่งลงไปก้นคลองทันที
1,เป็ดน้อยตัวหนึ่งเห็นเข้าก็รีบดำน้ำลงไปช่วยด้วยความเป็นห่วง
-1,ตอนแรกเป็ดตัวอื่นก็ไม่อยากช่วยเจ้าหงส์ขนทอง แต่ไม่นานก็ใจอ่อน พวกมันช่วยกันดึงร่างเจ้าหงส์ขึ้นมาบนตลิ่ง
-1,หงส์ทองนอนแผ่บนหญ้าเหมือนกับตายไปแล้ว ไม่นานมันก็ลืมตาขึ้น
0,เมื่อคิดทบทวนเหตุการณ์ครู่หนึ่ง เจ้าหงส์ก็สำนึกได้ว่ามันได้รับความช่วยเหลือจากผู้ที่มันเคยดูถูกเหยียดหยามมาก่อน
1,“ขอบใจเพื่อนรัก” มันพึมพำ เพราะไม่ถนัดที่จะทำตัวให้น่ารัก
1,“เจ้าต้องขอบใจเป็ดน้อยต่างหาก” เป็ดตัวอื่นๆบอกพลางบุ้ยใบ้ไปที่ผู้ช่วยชีวิตตัวน้อยซึ่งยืนเขินอยู่ห่างๆ
1,“เจ้านั่นน่ะหรือ” หงส์แปลกใจ
-1,นึกขึ้นได้ว่าเจ้าตัวนี้เองที่มันเคยเกลียดที่สุด
1,“ขอบใจเจ้ามากนะ เป็ดน้อย” เจ้าหงส์บอกอย่างจริงใจ
-1,ความสำนึกผิดครั้งนี้ทำให้เกิดผลบางอย่างตามมา
0,ในวันรุ่งขึ้นเมื่อตื่นขึ้น ขนทองทุกเส้นก็หายไป
1,และเงาสีขาวงามสง่าเช่นครั้งก่อนก็กลับคืนมาใหม่ ดูราวกับตุ๊กตากระเบื้องเคลือบที่สะท้อนภาพจากกระจกเงา
1,ความประพฤติของเจ้าหงส์เปลี่ยนไปมาก สุภาพอ่อนโยนและมีน้ำใจ มันลอยอวดโฉมเพื่อรอรับเศษขนมปังที่เด็กๆ โยนใส่
1,และคนที่ผ่านไปมามักจะแปลกใจที่เห็นมันว่ายน้ำอยู่ร่วมกับลูกเป็ดน้อยสีเทา ตัวหนึ่งเป็นประจำ
1,ดูเหมือนมันจะรักลูกเป็ดตัวนั้นมากทีเดียว
0,สร้อยคอนกเขา
0,อีแรน เดอเกลแปร์
1,โอลิเวียร์ได้นกเขาสองตัวเป็นของขวัญวันเกิด
0,เขาถามปู่ว่า “ทำไมนกเขาของผมถึงมีสร้อยรอบคอล่ะครับ”
1,ปู่จึงเล่าให้ฟังว่า นานแสนนานมาแล้วมีนกเขาที่สวยงามมากตัวหนึ่ง
1,ขนของมันส่องประกายสีงาช้างและสีม่วง
1,เสียงขันของมันทำให้สวนสดชื่นตั้งแต่เช้าจดเย็น
1,มันมีชีวิตที่สุขสบายและมีอิสรเสรีในสิ่งแวดล้อมที่น่ารื่นรมย์
-1,แต่เจ้านกเขาตัวนี้เป็นนกที่เย่อหยิ่ง มันชอบคิดว่าตัวเองดีกว่าผู้อื่น
0,เช้าวันหนึ่ง มันเห็นสุนัขตัวหนึ่งผ่านมาในสวน สุนัขตัวนี้มีปลอกคอหนังประดับหมุดสีทองสวยงาม
0,ทันใดนั้นเจ้านกเขาก็ตัดสินใจว่ามันจะต้องมีปลอกคอสักเส้นหนึ่งบ้าง
-1,แต่ไม่ว่าจะสวมปลอกคอเส้นใด ลำคออันบอบบางของมันก็ไม่อาจทนรับน้ำหนักได้
-1,เจ้านกเขาโกรธตัวเอง และตีปีกอย่างไม่พอใจ
1,นกกางเขนตัวหนึ่งอยากจะเอาใจนกเขา จึงไปหาสร้อยคอเล็กๆ เส้นหนึ่งมาให้
1,สร้อยเส้นนั้นสะท้อนแสงแดดเป็นประกายระยิบระยับ ถึงจะไม่ใช่เครื่องประดับที่มีค่า แต่นกเขาก็พอใจมาก
0,คราวนี้มันมีปลอกคอเหมือนสุนัขตัวนั้นแล้ว
-1,ตั้งแต่วันนั้น เจ้านกเขายิ่งทะนงตนมากขึ้น
0,สัตว์ทุกตัวมองมันด้วยความอยากรู้อยากเห็น เพราะเป็นครั้งแรกที่เห็นนกเขาสวมสร้อยคอ
1,เจ้านกเขาพอใจกับของเล่นชิ้นใหม่ของตัวเองมาก มันบินไปอวดโฉมแก่เพื่อนๆ ตั้งแต่เช้าตรู่
1,และเมื่อบินอยู่เหนือสระน้ำมันก็จะส่องดูเงาเพื่อตรวจดูว่าสร้อยคอยังอยู่เรียบร้อยดีหรือเปล่า
0,วันหนึ่ง นกเขาได้พบสุนัขตัวที่สวมปลอกคอหนังประดับหมุดสีทองอีกครั้ง
0,แต่คราวนี้ที่ปลอกคอมีเชือกล่ามอยู่ด้วย เป็นอย่างนี้เอง คนเขาถึงพาสัตว์เลี้ยงไปเดินเล่นได้
-1,สัตว์ที่น่าสงสารไม่มีอิสระอีกต่อไป
-1,เมื่อเห็นเช่นนั้น เจ้านกเขาผู้หลงตนก็เข้าใจแล้วว่าปลอกคอไม่ใช่เครื่องประดับที่มีไว้เพื่อโอ้อวด
0,แต่กลับเป็นสิ่งแสดงความเป็นเจ้าของที่มนุษย์มีต่อสัตว์เลี้ยงของพวกเขาต่างหาก
1,เจ้านกเขาอยากทำให้ตัวเองเป็นอิสระโดยเร็ว
0,จึงดึงสร้อยคอออกและทิ้งลงไปในบึงแห่งหนึ่ง
-1,แต่โชคร้ายที่ขนบนคอของมันยังมีรอยเส้นดำๆ จากสร้อยคอติดอยู่
0,นกเขาไม่สามารถลบรอยนั้นออกได้ และถ่ายทอดมาถึงลูกหลานของมัน
0,นกเขาของโอลิเวียร์จึงมีสร้อยคออย่างที่เห็น
0,ลิลลี่ทุ่งผู้แสนดี
0,อีแรน เดอเกลแปร์
0,กาลครั้งหนึ่งนานมาแล้ว มีคนเลี้ยงแพะคนหนึ่งชื่อมาร์แตง เขารับจ้างเลี้ยงแพะให้ชาวไร่คนหนึ่ง
1,มาร์แตงรักแพะที่เขาเลี้ยงมาก โดยเฉพาะซาราห์ลูกแพะน้อยที่สวยที่สุดในฝูง ซึ่งใครๆ ต่างก็พากันชื่นชม
0,มีเพียงลิลลี่ทุ่งต้นเดียวที่ไม่ทำเช่นนั้น เพราะมันเห็นว่าซาราห์หยิ่งมากเกินไป
-1,ซึ่งการทำเช่นนี้ทำให้ ซาราห์โกรธมาก
-1,ทุกครั้งที่เดินผ่าน ซาราห์ก็จะมองลิลลี่ทุ่งอย่างดูถูกว่าเป็นเพียงดอกไม้ป่าธรรมดาๆ ไม่มีทางเทียบกับมันได้
-1,ซาราห์แสนสวยนิสัยเปลี่ยนไปทุกวัน มันชอบแกล้งเพื่อนๆ หรือแม้แต่มาร์แตงเอง
1,มันมักจะแตกฝูงบ่อยๆ และชอบไปแอบอยู่หลังพุ่มไม้ เพื่อให้มาร์แตงร้องเรียกด้วยความเป็นห่วงว่า
1,แพะที่งามที่สุดของเขาจะหายไป ซาราห์รู้สึกภูมิใจมากที่เห็นเขาเที่ยววิ่งตามหา
-1,ซาราห์ทำให้เพื่อนอารมณ์เสียมากขึ้นทุกที เพราะมันชอบเยาะเย้ยแพะตัวอื่นที่ไม่สวย
-1,มาร์แตงเองก็เริ่มไม่พอใจที่มันไม่เชื่อฟังเขา
-1,ต้นหญ้าซุบซิบกันว่า “ซาราห์เอาแต่ใจตัวเองใหญ่แล้ว”
-1,ดอกไม้ทั้งหลายก็ไม่ชื่นชมแพะดื้อเช่นนี้อีก
0,ในที่สุดพวกมันก็เห็นด้วยกับต้นลิลลี่ทุ่ง
-1,แต่ซาราห์ก็ยังคงเอาแต่ใจตัวโดยไม่สนใจกับความไม่พอใจของผู้อื่น
0,วันหนึ่ง ชาวไร่ผ่านมาและถามมาร์แตงว่าแพะของเขาเป็นอย่างไรบ้าง
-1,“ก็ดีครับ” มาร์แตงพูด “แต่ซาราห์ทำให้ผมหนักใจมาก”
0,“จับมันใส่ปลอกคอสิ” ชาวไร่แนะนำ “เอาแบบที่มีกระดึงด้วย เสียงกระดึงจะบอกให้เธอรู้ว่ามันอยู่ที่ไหน”
-1,พอซาราห์ได้ยินดังนั้นก็แทบคลั่ง มันจะถูกเขาสวมปลอกคอ แถมมีกระดึงด้วย!
1,ทุกคนพากันหัวเราะเยาะมัน จริงๆ ก็ไม่ทุกคนหรอก เพราะลิลลี่ทุ่งไม่ได้หัวเราะ ความจริงมันเป็นดอกไม้ที่ใจดีทีเดียว
-1,มันเห็นน้ำตาที่ไหลจากดวงตาของซาราห์
-1,แพะน้อยเดินไปจากฝูงอย่างเศร้าสร้อย และก็เริ่มร้องไห้ ลาก่อนความภาคภูมิใจ ลาก่อนความเอาแต่ใจตัว
-1,มันกำลังจะมีปลอกคอ แพะที่ไม่มีอิสระนั้นช่างน่าอายเสียจริงๆ
0,เมื่อชาวไร่กลับไปแล้ว มาร์แตงก็เอาปลอกคอที่มีกระดึงออกมาเพื่อจะสวมให้ซาราห์
0,แต่เจ้าแพะน้อยดิ้นอย่างแรงจนปลอกคอขาด
0,“ไม่เป็นไร” เขาว่า “ฉันจะเก็บกระดึงไว้บนหิ้งในยุ้งนี้ก่อน แล้วพรุ่งนี้ค่อยเอาปลอกคออันใหม่มาใส่”
-1,คืนนั้นซาราห์นอนร้องไห้อยู่ใต้หิ้งที่วางกระดึง
-1,มันเสียใจมากที่ไม่มีใครชื่นชมอีกต่อไป รุ่งเช้าก็เดินเหม่ออย่างเศร้าสร้อย
1,ลิลลี่ทุ่งร้องเรียกมันด้วยความสงสาร “เขย่าหิ้งสิ” มันบอก “เอากระดึงนั่นมาให้ฉัน”
-1,ซาราห์ไม่เข้าใจว่าลิลลี่ทุ่งกำลังจะทำอะไร แต่มันก็ทำตามที่ลิลลี่ทุ่งบอก
1,“ทีนี้” ลิลลี่ทุ่งพูด “จงให้สัญญาต่อหน้าแพะตัวอื่นๆ ว่าเจ้าจะเปลี่ยนแปลงตัวเองเป็นแพะที่สุภาพเรียบร้อย จะไม่เป็นอย่างเมื่อก่อนอีก”
0,“จ้ะ ฉันสัญญา” ซาราห์พูด
0,“เอาละ กลับไปเข้าฝูงได้แล้ว”
0,“เธอจะเอากระดึงไปทำอะไรเหรอ” ซาราห์ถาม
0,“ก็เอาไปใช้ของฉันน่ะสิ” ลิลลี่ทุ่งตอบ
1,ซาราห์ดีใจมาก มันกระโดดไปมาอย่างสบายใจ แต่ก็ไม่ลืมที่จะทำตัวสุภาพเรียบร้อยตามที่สัญญาไว้
1,มาร์แตงหากระดึงไม่เจอ แต่เขาก็ไม่กังวลใจอีกแล้ว เพราะซาราห์กลายเป็นแพะที่ว่าง่ายไม่ดื้อเหมือนอย่างเคย
0,มันรีบขานรับทันทีที่เขาร้องเรียก
1,แต่เขาก็สังเกตเห็นบางอย่างที่แปลกไป ซาราห์มักเลียต้นลิลลี่ทุ่งแปลกๆ ต้นหนึ่งเหมือนกำลังขอบคุณ
0,และยิ่งไปกว่านั้นก็คือดอกลิลลี่ทุ่งของต้นนั้นมีรูปร่างเหมือนกระดึง ไม่เหมือนกับต้นอื่นๆ ที่มีลักษณะกลมๆ
0,มีเพียงซาราห์ตัวเดียวที่รู้ว่าทำไมจึงเป็นเช่นนั้น
0,ใบไม้วิเศษ
0,อีแรน เดอเกลแปร์
0,ในยุคกลางของยุโรป มีปราสาทใหญ่ๆ หลายหลังล้อมรอบด้วยคูน้ำ
1,อัศวินทั้งหลายจะฝึกซ้อมอาวุธกันในปราสาทเหล่านี้ และมีเจ้านายนั่งดูอยู่บนหอคอยอย่างเพลิดเพลิน
0,มีทหารยามคอยเดินตรวจตราโดยรอบ
0,เจ้าของปราสาทเหล่านี้ชอบทำสงครามกัน ปราสาทแต่ละหลังจึงต้องคอยระวังป้องกันให้ดี
1,หนูน้อยอัลเบิร์ตมีหน้าที่กวาดใบไม้ในปราสาทแห่งหนึ่ง แต่เขาอยากจะเล่นสนุกมากกว่า บางครั้งแทนที่จะทำงาน เขาจึงไปวิ่งเล่นอยู่ในทุ่งหญ้า
1,ทุ่งหญ้านั้นสวยงามมาก ห่างออกไปเล็กน้อยมีลำธารน้ำใสสายหนึ่งไหลผ่าน
-1,อัลเบิร์ตไปที่นั่นบ่อยๆ แม้ว่าจะถูกดุ แต่เขาก็ยังแอบไปเที่ยวเล่นอยู่เสมอ
0,อัลเบิร์ตชอบย่ำลงบนพรมใบไม้สีม่วงซึ่งดับกรอบแกรบอยู่ใต้เท้า
0,บนเชิงเทินด้านโน้นทหารยามหนาวสั่นเพราะลมหนาวที่เริ่มพัดมา
0,และบ่อยครั้งที่ยามหลบเข้าไปอยู่ในป้อมแทนที่จะเดินตรวจภายนอก
-1,ไม่มีใครจะคิดว่าปราสาทจะถูกโจมตี เพราะเจ้านายไม่มีศัตรูที่ไหน
0,อัลเบิร์ตมีงานต้องทำมากมาย เพราะใบไม้ร่วงอยู่ตลอดเวลา
0,พอกวาดเสร็จก็ต้องขนใส่รถเข็นไปเผานอกปราสาท
0,“ทำอย่างไรดีหนอ” เขาพูดกับตนเอง “เราจะทำอย่างไรให้งานนี้เสร็จง่ายๆ
0,ถ้าเอาไปเผาอย่างเคย ก็ต้องเข็นรถจนถึงทุ่งไกลลิบจึงจะเผาได้ เพราะเจ้านายไม่อยากให้มีเปลวไฟอยู่ใกล้ๆ ปราสาท
-1,ฉันเหนื่อยเหลือเกิน ไม่อยากทำงานนี้เลยจริงๆ”
1,แต่แล้วอัลเบิร์ตก็คิดได้ว่า “ทิ้งลงลำธารดีกว่า ไม่มีใครรู้หรอก”
0,ดังนั้นแทนที่จะเผาใบไม้ อัลเบิร์ตก็ทิ้งมันลงในลำธาร
0,ใบไม้ลอยเกลื่อนอยู่บนผิวน้ำ
1,หลังจากนั้น อัลเบิร์ตก็หาที่นั่งลงเพื่องีบหลับและหลบลมหนาว
-1,ขณะนั้นบนหอคอย ทหารยามก็กำลังนอนหลับเพราะเหน็ดเหนื่อยจากการเดินตรวจตราเช่นกัน
-1,และเวลาเดียวกันนั้นเอง เจ้าของปราสาทอีกหลังหนึ่งซึ่งเป็นคนโลภมาก ก็แอบนำทหารจำนวนหนึ่งบุกเข้ามาในอาณาเขตของปราสาทนี้
0,ทั้งหมดหยุดพักที่ริมลำธาร พวกทหารดื่มน้ำในลำธารที่อัลเบิร์ตทิ้งใบไม้ลงไป
1,และแล้วเหตุการณ์ประหลาดก็เกิดขึ้น เมื่ออยู่ๆ
-1,ทหารที่เข้มแข็งก็กลับหมดเรี่ยวแรงไม่ฮึกเหิมเหมือนเคย แม้แต่หัวหน้าเองก็ไม่อยากจะสู้รบอีกต่อไป
-1,ทั้งหมดทรุดตัวลงนั่งและหลับไป หลังจากนั้นไม่นาน อัลเบิร์ตก็ตื่นขึ้น
0,เขาวิ่งไปที่ลำธารเพื่อจะดูว่าใบไม้ที่ทิ้งไปถูกสายน้ำพัดไปหมดหรือยัง
-1,แล้วเขาก็ต้องตกใจเมื่อพบทหารพวกนั้น
-1,เขาจึงวิ่งกลับไปยังปราสาทเพื่อบอกให้ทหารยามรู้ตัวและส่งสัญญาณเตือนภัย
1,เจ้าของปราสาทจึงนำทหารออกไปจับศัตรูที่กำลังหลับใหลได้อย่างง่ายดาย
0,นิทานหิ่งห้อย
0,อีแรน เดอเกลแปร์
0,มีเรื่องเล่ามากมายหลายเรื่องเกี่ยวกับรุ้งกินน้ำ แต่เคยได้ยินเรื่องนี้กันหรือยัง
0,ตามธรรมดาเมื่อพระอาทิตย์กำลังส่องแสงจ้าอยู่บนฟ้า ฝนก็จะไม่ตก
1,เพราะพระอาทิตย์ที่แจ่มใส
-1,กับฝนที่แสนเศร้านั้นตกลงกันว่าจะผลัดกันปรากฏตัว ทั้งคู่จึงไม่เคยได้พบกันเลย
0,แต่วันหนึ่ง พระอาทิตย์กับสายฝนก็รู้สึกว่าเล่นซ่อนหากันมานานพอแล้ว ทั้งสองจึงตัดสินใจที่จะปรากฏตัวขึ้นพร้อมๆ กันสักครั้ง
0,พระอาทิตย์ส่องแสงจ้าแผ่กว้างลงบนพื้นโลก และฝนก็ตกลงมาเป็นม่านหยดน้ำพรมลงบนทุ่งหญ้าป่าเขา
0,หยดน้ำและแสงสว่างประกอบกันเป็นสะพานสายหนึ่ง นั่นก็คือ...รุ้งกินน้ำ
1,พระอาทิตย์พูดขึ้นว่า “ฉันจะสร้างสะพานนี้เพื่อเดินทางไปหาเมฆเพื่อนรัก”
0,สายฝนก็พูดว่า “ฉันจะสร้างสะพานนี้เพื่อไปพบกับพระอาทิตย์”
1,แล้วภาพที่น่าอัศจรรย์ก็ปรากฏขึ้นพระอาทิตย์ส่องแสงแรงกล้าที่สุด และเมฆก็โปรยหยาดฝนเบาบางที่สุดลงบนสะพานหลากสีนั้น
0,ม่านน้ำฝนกระทบกับม่านแสงแดด แรงกระทบทำให้หยดประกายแสงที่ตกลงมากระจัดกระจายไปทั่วผืนโลก
-1,สัตว์ต่างๆ ตกใจกลัว
1,เมื่อเห็นฝนประหลาดตกลงมาเป็นประกาย จึงพากันวิ่งหนี
1,มีเพียงหนอนบางตัวเท่านั้นที่ไม่กลัวหยดน้ำที่ส่องสว่างนี้
1,พวกมันกลับเห็นว่าฝนประหลาดนี้ช่างสวยงามน่ากิน จึงลองชิมดู
0,และด้วยเหตุนี้ เมื่อหนอนพวกนี้โตเต็มที่ มันจึงกลายเป็นแมลงที่มีแสงสว่างในตัวเอง
0,นั่นก็คือหิ่งห้อยที่คอยส่องแสงกระพริบวิบวาวในยามค่ำคืนนั่นเอง
0,น้ำตาของเมฆน้อย
0,อีแรน เดอเกลแปร์
0,ก้อนเมฆเป็นนักเดินทางผู้ยิ่งใหญ่โดยมีลมคอยพัดให้มันลอยไป
0,มันลอยละล่องไปในท้องฟ้าราวกับเป็นเรือใบ
1,ชีวิตของก้อนเมฆน้อยๆ น่าจะมีแต่ความสุขสนุกสนาน
-1,แต่เรื่องที่จะเล่าให้ฟังต่อไปนี้จะทำให้เรารู้ว่าเมฆก้อนน้อยก็อาจมีความทุกข์ได้เหมือนกัน
1,กาลครั้งหนึ่ง มีเมฆน้อยก้อนหนึ่งลอยตามลมอยู่ในท้องฟ้าสีครามอย่างมีความสุข
0,เมฆน้อยไม่เคยรู้เลยว่าตัวเองมีหน้าที่รดน้ำต้นไม้ ดังนั้นบนพื้นโลกจึงแทบไม่มีต้นไม้ใดๆ ขึ้นเลย
-1,วันหนึ่ง เมฆน้อยเห็นดอกไม้เล็กๆ ดอกหนึ่งกำลังต่อสู้กับความตาย
-1,พระอาทิตย์ผู้โหดร้ายทำให้หลอดเลือดที่บอบบางของมันแห้งลง และกลีบดอกสีขาวก็เหี่ยวเฉาไป
-1,ดอกไม้ดอกเล็กๆ ที่เกิดมาอย่างยากลำบากกำลังจะตายลง เพราะผืนดินแห้งแข็งและลมก็ไม่ได้พัดพาเอาความชุ่มชื้นมาด้วย
-1,เมฆน้อยรู้สึกทุกข์ใจมากเมื่อเห็นดอกไม้นั้น
1,“ฉันจะต้องลงไปข้างล่างเพื่อปลอบโยนมันสักหน่อย” เมฆน้อยรำพึงกับตัวเอง
-1,แต่เรื่องนี้ไม่ใช่เรื่องง่าย เพราะมันไม่สามารถลงไปยังพื้นดินเบื้องล่างได้ถ้าท้องฟ้าไม่อนุญาต
-1,เมฆน้อยพยายามต่อสู้ดิ้นรนให้พ้นจากพลังอำนาจของท้องฟ้าที่ฉุดมันไว้ แต่ก็ทำไม่สำเร็จ
0,ลมที่จะมาช่วยพัดก็ไม่มี ในขณะเดียวกัน ดอกไม้น้อยๆ ก็ค่อยๆ ตายลงไปช้าๆ เหมือนเปลวเทียนที่ค่อยๆ ดับแสง
-1,ครั้นแล้วเมฆน้อยก็ระเบิดความอัดอั้นตันใจออกมา มันร้องไห้อย่างสิ้นหวัง
1,น้ำตาของมันเริ่มจากเป็นฝอยๆ แล้วค่อยๆ โตขึ้นเป็นเม็ดเหมือนไข่มุกน้ำตา
1,หยดลงถูกดอกไม้น้อยๆ ซึ่งดื่มน้ำวิเศษนั้นอย่างกระหายด้วยความตื่นเต้นยินดี
0,เมฆน้อยไม่รู้มาก่อนเลยว่ามันได้ทำน้ำฝนขึ้นมาแล้ว
1,ผืนดินถูกปกคลุมด้วยทุ่งหญ้าเขียวขจี ดอกไม้ปรากฏขึ้นเต็มท้องทุ่ง และต้นไม้ก็งอกขึ้นมา
-1,เมฆก้อนอื่นๆ เห็นเพื่อนโศกเศร้าก็พลอยร้องไห้ไปด้วย
0,ทุกๆ ที่ที่มีเมฆอยู่ก็จะมีสายฝนตกกระจายไปด้วย
1,พันธุ์พืชจึงเจริญงอกงามขยายออกไปทั่วทุกทิศ ภูเขาก็ถูกปกคลุมด้วยป่าเขียวชอุ่ม
1,ก้อนเมฆประหลาดใจที่เห็นดอกไม้ดอกเล็กๆ กลับฟื้นขึ้นอย่างเข้มแข็ง
1,มันแปลกใจจนหยุดร้องไห้ เมฆก้อนอื่นๆ ก็หยุดหลั่งน้ำตา เมื่อเห็นการเปลี่ยนแปลงอันมหัศจรรย์ที่ตัวเองทำ
1,โลกที่แห้งแล้งกลายเป็นโลกที่ร่มเย็น แล้วสัตว์ตัวแรกก็เกิดขึ้น ด้วยแรงลมช่วยเป่า
0,เมฆทั้งหลายก็เริ่มการเดินทางอันยิ่งใหญ่ต่อไป
-1,ตั้งแต่นั้นมา ทุกครั้งที่เห็นต้นไม้ต้องการน้ำ เมฆก็จะรู้สึกทุกข์ใจและร้องไห้ออกมา
0,ห่านออกไข่เป็นทองคำ
1,ขอต้อนรับผู้ฟังที่น่ารักของฉัน ถึงเวลาเล่านิทานสั้นๆ อีกเรื่องแล้ว
0,ครั้งหนึ่งฉันเคยเล่าเรื่องให้กษัตริย์โคเอซัสแห่งลิเดียฟัง
0,อาณาจักรของพระองค์เป็นเพื่อนบ้านกับประเทศกรีซที่รักของฉัน
0,พระองค์ทรงโปรดเรื่องนี้มากจนถึงกับรับสั่งให้ฉันอยู่ในซาร์ดิส เมืองหลวงที่อลังการของพระองค์
0,พระองค์จะได้เรียกตัวฉันได้ทุกเมื่อที่อยากฟังนิทาน
1,ฉันพบคนมีชื่อเสียงมากมายในพระราชฐาน รวมทั้งนักปรัชญา วิศวกร และสมาชิกสภานิติบัญญัติผู้มีชื่อเสียงที่มาเยือนจากประเทศกรีซ
-1,เช้าวันหนึ่ง ฉันพบพระราชาประทับอยู่ที่โต๊ะในสวนโดยบังเอิญ พระองค์ดูโกรธกริ้ว
0,และพอฉันเข้าไปใกล้ พระองค์ก็ชนแก้วไวน์ตกลงพื้น
-1,“ว่ากันว่า พระราชวังเปอร์เซียของไซรัสมหาราชทำให้วังของข้ากลายเป็นเล้าไก่ไปเลย” พระองค์แผดเสียง
1,“งั้นข้าจะรื้อเล้าไก่นี่ให้ราบเรียบแล้วก็สร้างใหม่ให้ยิ่งใหญ่กว่าวังของศัตรูเลย คอยดู”
1,“ข้าน้อยมิกล้าแย้งพระราชาผู้สูงศักดิ์” ฉันพูดอย่างถ่อมตน
0,“แต่จะหาเงินสร้างวังที่ว่ามาจากไหนหรือพ่ะย่ะค่ะ”
-1,“ในเหมืองก็มีทองคำ” กษัตริย์โครเอซัสตะคอก
0,“และก็มีอีกถมเถใต้ผืนทรายของแม่น้ำแพกโตลัส ข้าจะสั่งให้พวกทาสไปหาทองคำบริสุทธิ์ทุกก้อน และพอเงินหมด ข้าก็จะเรียกเก็บภาษีจากประชาชน”
-1,“เก็บภาษีจากประชาชนงั้นหรือพ่ะย่ะค่ะ” ฉันพูดซ้ำอย่างเศร้าสร้อย
-1,“ไม่ต้องจ่ายภาษีเพิ่มให้กับความฟุ้งเฟ้อของพระองค์ ประชาชนก็อยู่อย่างยากลำบากแล้ว ฝ่าบาท
1,แม้ประชาชนจะรักพระองค์ แต่ข้าน้อยคงมิกล้าเรียกเก็บเงินเพิ่มจากกระเป๋าที่แห้งกรอบอยู่แล้วของพวกเขาหรอกพ่ะย่ะค่ะ
1,ลองฟังนิทานเรื่อง ห่านออกไข่เป็นทองคำ ดูเถิด”
0,ชาวนากับภรรยาอาศัยอยู่บนภูเขาสูง พวกเขามีฐานะยากจน
1,ไม่มีเงินติดตัว แต่ยังโชคดีที่มีทรัพย์สินอย่างอื่นอยู่บ้าง
1,พวกเขามีกระท่อมหลังงาม มีน้ำสะอาดในลำธารไว้ดื่มกิน มีไก่ในคอก และมีแพะไว้คอยให้นม
0,ในฤดูร้อน ต้นมะกอกก็จะออกผลดก นำมาสกัดเป็นน้ำมันได้
0,“เรามีทุกอย่างบนนี้” ภรรยาชาวนาเคยบอกนายพรานที่ขึ้นเขามาล่ากวาง
0,วันหนึ่ง ชาวนาขี่ลาไปตลาด ลัดเลาะลงไปตามเส้นทางบนเขาอย่างระมัดระวัง
0,ระหว่างทางกลับ เขาเจอหญิงชราที่กำลังเก็บสมุนไพรอยู่ท่ามกลางหมอกยามพลบค่ำ
0,“สวัสดีพ่อคุณ” หญิงชราทักทายชาวนา และจ้องไปที่ตะกร้าหวายที่รัดไว้ข้างลำตัวของลา “เอาของดีๆ อะไรมาฝากคุณนายบ้างล่ะ”
1,“ฉันไม่มีเงินซื้ออะไรมากนักหรอก” ชาวนายอมรับ “ได้แต่ผ้าทอพื้นเมืองมาให้ภรรยาเย็บผ้ากันเปื้อนผืนใหม่ แล้วก็ไวน์ชั้นดีสองสามขวดกับปลาเค็ม จะได้เป็นมื้อพิเศษเสียหน่อย อยู่บนภูเขานี่เราไม่ค่อยได้กินปลาสักเท่าไหร่”
1,“จริงสิ ฉันก็ไม่ได้กินปลามาหลายปีแล้ว” หญิงชราเห็นด้วย
0,“แบ่งของฉันไปก็ได้” ชาวนากล่าว “ฉันซื้อมาเยอะเลย”
0,แล้วเขาก็หยิบปลาที่ส่งกลิ่นคลุ้งตัวหนึ่งจากตะกร้า และยัดใส่มือตะปุ่มตะป่ำของนาง
1,“ฉันอยากตอบแทนความใจดีของท่าน” หญิงชรากล่าว แล้วนางก็ตบมือย่นๆ และตะโกนภาษาแปลกๆ ที่ชาวนาฟังไม่ออก
0,ทันใดนั้น นางก็ถูกรายล้อมด้วยฝูงห่านที่ตีปีกออกมาจากม่านหมอก “ฉันให้”
1,หญิงชราหัวเราะเบาๆ พร้อมกับอุ้มห่านตัวหนึ่งขึ้นมา
0,“เอามันไป มันจะออกไข่งามๆ ให้ท่าน”
0,ชาวนาวางห่านไว้ในตะกร้า ปิดฝาแล้วผูกไว้ไม่ให้มันหนี
0,พอเขากลับถึงบ้าน จึงปล่อยห่านไว้ในคอก
0,มันเริ่มเบียดเสียดหาอาหารกับพวกแม่ไก่
0,เช้าวันต่อมา เมื่อภรรยาชาวนาออกไปดูแม่ไก่ เธอเห็นห่านตัวนั้นออกไข่มาหนึ่งฟอง -- ขนาดมหึมา
1,เธอหยิบมันขึ้นมา “หา!” เธอพูด แปลกใจกับความหนักของมัน “ฉันคงตาฝาดแน่ๆ นี่มันก้อนหินนี่นา”
1,เธอกำลังจะขว้างมันทิ้ง พระอาทิตย์ก็โผล่พ้นก้อนเมฆ และส่องแสงกระทบไข่ใบนั้นจนมันเกิดประกายระยิบระยับ
1,ด้วยความฉงน ภรรยาชาวนาเช็ดมันกับมุมผ้ากันเปื้อนผืนใหม่จนสะอาด
0,ไข่ฟองนั้นดูเหมือนทำจากทองคำ -- แต่มันจะเป็นไปได้อย่างไร
0,“ใครเป็นคนให้ห่านตัวนี้กับท่าน” เธอถามสามี
0,“แม่เฒ่าคนหนึ่งน่ะ” ชาวนาตอบ “ฉันเจอนางกำลังเก็บสมุนไพรตอนพลบค่ำ”
1,“นางต้องเป็นแม่มดใจดีแน่ๆ” ภรรยาของเขากล่าว
1,“ฉันคิดว่าห่านของนานออกไข่เป็นทองคำ” ชาวนาไม่เชื่อสายตาตัวเอง
0,เขาผูกอานลาอีกครั้งและไปหาพ่อค้าขายทองที่ตลาด
0,ใช่แล้ว ไข่ฟองนั้นทำจากทองคำจริงๆ ทองคำบริสุทธิ์เสียด้วย
1,เขาขายมันได้เงินมาพอสมควร พอที่ซื้อผ้าดีๆ ให้ภรรยา ซื้อไวน์ขวดใหญ่ ซื้อเครื่องมือให้ตัวเอง และซื้อปลากลับบ้าน ไม่ใช่ปลาซาร์ดีนเค็มถูกๆ ที่ซื้อเมื่อวาน แต่เป็นปลาสดราคาแพงที่เพิ่งจับจากทะเลเมื่อคืน
0,เช้าวันต่อมา ห่านตัวนั้นออกไข่ทองคำอีกฟอง มันยังออกไข่ไปเรื่อยๆ จนชาวนาเอาใส่ไว้เต็มตะกร้า
1,ไม่นานชาวนากับภรรยาก็ร่ำรวย พวกเขาสวมเสื้อผ้าราคาแพงและขี่ม้าไปตลาด
1,พวกเขากินอาหารสดบนจานราคาแพงในฤดูร้อน พวกเขาซ่อมและทาสีกระท่อมใหม่ และยังสร้างโรงรีดนมเอาไว้เลี้ยงแม่วัวฝูงหนึ่งอีกด้วย
1,เธอคงคิดว่าชาวนาจะมีความสุข แต่ตรงกันข้าม!
-1,ทุกเช้า ขณะที่เขาเช็ดถูไข่ทองคำฟองใหม่ เขาก็มีแต่ความกังวลใจ
-1,“ถ้าหากมีใครมาขโมยห่านวิเศษตัวนี้ไปล่ะ” เขาบอกกับภรรยา
-1,“เราจะทำอย่างไรถ้าห่านนี้ป่วยตายไป เราคงไม่มีทางรวยไปกว่านี้ แล้วไม่นานเราก็จะกลับไปจนอีกครั้ง”
1,“อย่ากลัดกลุ้มไปเลยที่รัก ไม่มีใครมาขโมยห่านตัวนี้ไปหรอก” ภรรยารับรองกับเขา
0,“มีแต่พวกนายพรานที่ขึ้นเขามาถึงบนนี้ และพวกเขาไม่เคยเข้ามาใกล้ฟาร์ม
0,ส่วนห่านตัวนั้น มันคงไม่อยู่กับเราไปตลอดกาลหรอก ฉันเลยเก็บหอมรอมริบเงินทองไว้ใช้ในคราวจำเป็นนี่ไง
0,เรามีอาหารแห้งไว้กินตลอดปี พออาหารหมด เรายังมีวัวไว้ให้นม มีไก่ไว้ออกไข่ และมีทุ่งหญ้าไว้ปลูกพืช มันมากพอที่เราจะเก็บไว้กินจนแก่เฒ่าโน่นแหละ”
-1,แต่ชาวนาอดกังวลใจไม่ได้ ความโชคดีถูกทำลายลง เพราะความกลัดกลุ้มตลอดเวลาของเขา
-1,แล้วเช้าวันหนึ่ง ความคิดโง่ๆ ก็ผุดขึ้นมาในใจเขา
0,“ฉันต้องตักตวงไข่ทองคำทุกฟองเดี๋ยวนี้” เขาบอกกับตัวเอง “ก่อนที่มันจะสายเกินไป”
0,วันเดียวกันนั้นเอง ระหว่างที่ภรรยาของเขาไปเยี่ยมเพื่อนที่อยู่เลยลงไปจากภูเขา
0,ชาวนาคว้าห่านตัวนั้นและบิดคอมันอย่างชำนาญด้วยมือเปล่าอย่างรวดเร็ว และเบามือเสียจนห่านแทบไม่รู้สึกอะไรเลย
-1,แล้วเขาก็ใช้มีดผ่านห่านที่ตายแล้วออก
-1,ลองนึกดูว่าเขาจะตกใจแค่ไหนเมื่อไม่พบไข่ทองคำในท้อง -- มีเพียงไข่แดงนิ่มๆ ที่ปราศจากเปลือกทองคำเท่านั้น
-1,ยิ่งไปกว่านั้น ความโชคร้ายยังตามมาอีก ขณะที่ไข่แดงฟองเล็กๆแข็งตัวในมือของเขา ทรัพย์สมบัติก็หายวับไปในอากาศ ทั้งเครื่องมือจานชาม เสื้อผ้าดีๆ ไวน์ ม้า -- หรือแม้แต่แม่วัว และโรงรีดนมก็อันตรธานหายไปด้วย
-1,“โธ่ ที่รัก เธอทำอะไรลงไป” ภรรยาชาวนากล่าวเมื่อกลับมาแล้วพบว่ากระท่อมกลับมาซอมซ่อเหมือนเดิม
-1,สามีของนางเสียใจจนพูดไม่ออก
-1,ภรรยาที่น่าสงสารพยายามปลอบใจเขา แต่ไม่ว่าจะพูดอย่างไร เขาก็ไม่รู้สึกดีขึ้น เอาแต่สะอึกสะอื้นเหมือนกันเด็ก
0,เขาผูกอานลาและขี่ออกไปหาแม่มดที่เคยให้ห่านทองคำกับเขา บางทีนางอาจให้เขาอีกตัว
-1,และคราวนี้เขาจะไม่ยอมให้ความโลภเข้าครอบงำอีก
0,แต่เขาไม่เจอนางอีกเลย
0,มีคนเล่าว่าเขายังเที่ยวเดินหานางไปทั่วภูเขาจนถึงทุกวันนี้ ขณะที่ฝ่ายภรรยานั่งถอนใจอยู่กับบ้าน
1,รอวันที่พวกเขาจะพอใจกับสิ่งเล็กน้อยที่ตนมี
-1,“นิทานเรื่องนี้สอนให้รู้ว่า” โลภมาก มักลาภหาย
-1,ต้นไม้ร้องไห้
0,อีแรน เดอเกลแปร์
-1,เด็กๆ รู้จักต้นหลิวไหมจ๊ะ หลิวเป็นต้นไม้ที่มีใบเหมือนหยดน้ำตา เราจึงเรียกมันว่า “ต้นไม้ร้องไห้”
-1,กวีที่เขียนกลอนเศร้าๆ จะชอบมันเป็นพิเศษ
-1,วันหนึ่ง กวีหนุ่มคนหนึ่งท่องบทกวีของเขาอยู่ข้างถนน แต่โชคร้ายที่ไม่มีใครฟังเขาเลย
-1,กวีหนุ่มเสียใจมาก ความเศร้าของเขาเหมือนจะทำให้คนทั้งโลกร้องไห้ไปด้วย
-1,เขาดูน่ากลัวสำหรับเด็กๆ
-1,ตอนเย็นเขานั่งอยู่ใต้ต้นหลิวตรงริมน้ำ เพื่อแต่งบทกวีโดยอาศัยเรื่องเศร้าที่ใบหลิวแสนโศกเล่าให้ฟัง
-1,เย็นวันหนึ่ง เขานั่งอยู่ตรงที่ประจำใต้ต้นหลิว รู้สึกเศร้าเกินกว่าจะเขียนบทกวี ต้นหลิวรู้สึกสงสารเขามาก
1,“จะว่าไปแล้ว” ต้นหลิวพูดขึ้น “เขามาหาแรงบันดาลใจอยู่ใกล้ๆ ฉัน ฉันน่าจะต้องรับผิดชอบในสิ่งที่เกิดขึ้นแก่เขาเหมือนกัน ฉันอยากจะช่วย แต่ไม่รู้จะทำอย่างไรดี”
0,นกกระจอกตัวหนึ่งบินมาเกาะพักอยู่ที่กิ่งหลิว
1,“ฉันรู้ว่าเธอจะช่วยเพื่อนของเธอได้อย่างไร” นกพูดขึ้น
0,“ทำอย่างไรล่ะ” ต้นหลิวถาม
1,“เธอให้แรงบันดาลใจแก่เขา เธอก็ป้อนความคิดที่สนุกสนานรื่นเริงให้เขา
-1,แทนที่จะให้ความคิดที่โศกเศร้าสิ”
-1,“เธอไม่รู้หรือว่าฉันเป็นต้นหลิวร้องไห้ ฉันเปลี่ยนไม่ได้หรอก”
1,“ได้สิ แม้ว่าธรรมชาติสร้างให้เธอมีลักษณะโศกเศร้า แต่เธอเปลี่ยนแปลงตัวเองได้ ถ้าเธอตั้งใจจริง ลืมเรื่องที่เธอเป็นต้นหลิวร้องไห้เสีย
1,แล้วเป็นต้นหลิวหัวเราะให้ได้” นกกระจอกว่า
0,“ฉันจะพยายาม” ต้นหลิวพูด
1,นกกระจอกเล่าเรื่องราวมากมายที่มันได้ยินระหว่างการเดินทางให้ต้นหลิวฟัง แต่ละเรื่องสนุกสนานจนต้นหลิวอดหัวเราะไม่ได้
1,ใบที่มีรูปร่างเหมือนหยดน้ำตาสั่นไหวอย่างลังเลในตอนแรก มันไม่เคยชินกับการหัวเราะนี่ แต่อารมณ์ขันของนกกระจอกก็เอาชนะมันได้
1,สายลมที่พัดผ่านใบหลิวทำให้เกิดเสียงเพลงที่ร่าเริงมากระทบหูของกวี เขาไม่เข้าใจเลยว่าทำไมต้นหลิวซึ่งเป็นต้นไม้แห่งความโศกเศร้า ถึงส่งเสียงเพลงที่มีชีวิตชีวาเช่นนี้
1,วันรุ่งขึ้น ดวงอาทิตย์ที่ร่าเริงก็ปลุกให้โลกตื่นขึ้น นกกระจอกบินเข้าเมืองเพื่อหาอาหารตามปกติ
0,ต้นหลิวยืนนิ่งสงบ ยังคงสงสัยที่ตัวเองไม่ได้เป็นต้นร้องไห้อีกแล้ว
1,ส่วนกวีหนุ่มนั้นเมื่อถูกแสงแดดปลุกให้ตื่น ก็ออกเดินเข้าเมืองไปท่องบทกวีใหม่ๆ ของเขา บทกวีที่สนุกสนาน พูดถึงแต่เรื่องที่น่าเบิกบานใจ
0,เมื่อทุกคนได้ยินก็แทบไม่เชื่อหูตัวเอง
1,พวกเขาถามกวีหนุ่มว่าได้รับแรงบันดาลใจมาจากไหน
1,กวีหนุ่มยิ้มแต่ไม่ได้พูดอะไร
0,เสื้อกันหนาวสีแดงของลาน้อย
0,มาติน เลอกรังด์
1,ในฟาร์มเลี้ยงม้าแห่งหนึ่ง ขณะที่พวกม้าทั้งหลายกำลังคุยกันอย่างสนุกสนาน
-1,ลาน้อยตัวหนึ่งกลับยืนเหงาอยู่ตามลำพัง
-1,“เป็นอะไรไป ลาน้อย ไม่สบายหรอ” มารี ลูกสาวของเจ้าของฟาร์มถาม
-1,“เปล่าหรอก ฉันแค่เหงาเท่านั้นเอง ไม่ได้เป็นอะไรหรอก” ลาน้อยตอบ
0,“ในนี้มีม้าตั้งหลายตัว เธอก็ไปคุยกับเขาสิไม่ได้ไม่เหงา” มารีบอก
-1,“เธอก็รู้นี่ว่าพวกเขาไม่อยากคุยกับฉัน” เจ้าลาบอกอย่างเศร้าๆ
-1,มารีรู้ตัวว่าพวกม้าไม่ยอมรับเจ้าลาน้อยเข้ากลุ่ม
0,“เดี๋ยวฉันจะไปจัดการพวกนั้นให้เอง” มารีบอก
1,“ไม่เป็นไรหรอก ฉันแค่อยากออกไปอยู่ในทุ่งหญ้าข้างนอกนั่นมากกว่า”
0,“แต่ข้างนอกมันหนาวมากเลยนะ เธออยู่ไม่ได้หรอก” มารีไม่เห็นด้วย
0,“เธอก็หาเสื้อกันหนาวให้ฉันสิ ฉันจะได้อุ่น” เจ้าลาบอก
0,“ฉันไม่มีเสื้อกันหนาวที่ใหญ่พอให้เธอใส่ได้หรอกนะ” มารีบอก
0,“เธอใช้ไหมพรมถักให้ฉันสักตัวไม่ได้หรอ” เจ้าลาขอร้อง
0,“ฉันต้องลองไปขอแม่ดูก่อนไม่รู้ว่าแม่จะให้หรือเปล่า” มารีบอกอย่างไม่แน่ใจ แล้วเด็กหญิงก็วิ่งกลับไปที่บ้าน
0,พอเธอเล่าเรื่องให้แม่ฟัง แม่ก็บอกให้ไปหาไหมพรมเก่าๆในกล่องเย็บผ้าของแม่
0,ในที่สุดมารีก็พบไหมพรมเก่าๆสีแดงกลุ่มหนึ่ง เธอรีบกลับไปที่คอกม้าอีกครั้ง เพื่อวัดตัวเจ้าลาน้อย
0,แล้วเธอก็ลงมือถักเสื้อกันหนาวทั่วไป เพราะมีรูสี่รูสำหรับสอดขาหนึ่งรูสำหรับสอดหาง นอกจากนี้ยังมีหมวกซึ่งมีรูสองรูให้หูลอดออกมาอีกด้วย
1,เมื่อถักเสร็จ มารีก็เอาไปให้เจ้าลาน้อยลองสวม แม้จะไม่ใช่เสื้อกันหนาวที่สวยงาม แต่มันก็อุ่นดี
1,ลาน้อยดีใจมาก มันเอาแก้มถูแก้มมารีเบาๆ เพื่อแสดงความขอบคุณและพูดกับเธอว่า “ตอนนี้ฉันออกไปในทุ่งได้แล้วล่ะสิ”
1,“เดี๋ยวก่อน ต้องขอพ่อกับแม่ก่อน” เมื่อแม่เห็นลาน้อยสวมเสื้อกันหนาวก็รู้สึกขำมาก แต่ก็ต้องกลั้นหัวเราะไว้เพื่อมิให้ลูกสาวเสียน้ำใจ
0,“โอ้โห มารี ทำไมถึงสวมเสื่อกันหนาวให้ลาน้อยล่ะ เดี๋ยวมันก็ร้อนหรอก”
-1,“คือว่า…มันอยากกลับออกไปอยู่ในทุ่งน่ะสิคะแม่ อยู่ในคอกแล้วมันไม่มีเพื่อน มีเสื้อกันหนาวนี่มันก็ไม่ต้องกลัวหนาวอกแล้ว”
-1,“ไม่ได้หรอก” แม่พูด “แล้วถ้าฝนตกล่ะ ถ้าสวมเสื้อกันหนาวเปียกๆมันก็จะหนาวมากและไม่สบายได้”
0,“เราทำเพิงเล็กๆสำหรับกันฝนให้มันก็ได้นี่คะ”
-1,“ใครทำล่ะ พ่อน่ะไม่มีเวลาว่างหรอก” มารีท่าทางผิดหวัง และลาน้อยก็เสียใจมากจนแม่ต้องพูดว่า
0,“งั้นก็ลองไปขอให้พี่เขาทำให้ก็ได้” มารีจึงรีบวิ่งไปหาพี่ชายคนโตที่ชื่อลุยส์อยู่ที่ลานบ้าน
1,“พี่ช่วยทำเพิงเล็กๆสำหรับลาน้อยให้หนูสักหลังหนึ่งได้ไหม” จะได้กลับออกไปในทุ่ง หนูถักเสื้อกันหนาวให้มันแล้วแต่ถ้าจะกันฝนก็ตองมีเพิงให้มันสักหลัง พี่ช่วยหน่อยนะจ๊ะ
0,ลุยส์มองมารีกับลาน้อยครู่หนึ่งแล้วก็ตอบตกลง
1,มารีกระโดดไปรอบๆอย่างดีอกดีใจ
0,แล้วลุยส์ก็รีบออกไปสร้างเพิงให้
1,ตอนเย็น พวกเขาก็อวดทั้งเสือกันหนาวและเพิงแสนสวยให้พ่อดู
0,มารีเล่าให้พ่อฟังตั้งแต่ต้นจนจบอย่างรวดเร็ว
1,แล้วแม่ก็เล่าอย่างนุ่มนวลอีกครั้งพร้อมรอยยิ้ม
0,วันรุ่งขึ้น มารีกับลุยส์พาลาน้อยไปในทุ่ง มันสูดอากาศบนเนินและกลิ่นฟางสดเข้าเต็มปอด
1,เจ้าลาก็รู้สึกสบายใจมาก
1,ตั้งแต่วันนั้น ลาน้อยก็อาศัยอยู่บนทุ่งหญ้าอย่างมีความสุข
0,มารีออกมาวิ่งเล่นกับมันบ่อยๆฤดูหนาวผ่านไปแล้ว
0,เจ้าลาไม่หนาวและไม่เปียกเลย
0,พอถึงฤดูใบไม้ผลิ มารีก็ถอดเสื้อกันหนาวให้ลาของเธอ
-1,พวกม้ากลับมาที่เนินแล้ว มันรู้ว่าเจ้าลาน้อยไม่มีความสุขที่อยู่ร่วมกับพวกมัน
-1,“ขอโทษนะ” ม้าตัวหนึ่งพูด ”พวกเราทำตัวไม่ดีกับเธอ เธอเลยต้องทนหนาวอยู่ที่นี่
1,“ไม่หรอก” ลาน้อยว่า “เพราะฉันมีเสื้อกันหนาวตัวใหญ่กับเพิงแสนสวย ฉันเห็นพระอาทิตย์ขึ้นทุกเช้าบนเนินเขา เห็นพระจันทร์กับดาวส่องสว่างในตอนกลางคืน และมีเพื่อนๆมาหาฉันเยอะแยะเลย”
0,“จริงเหรอ” ม้าอีกตัวพูด “ฉันอยากอยู่ที่นี่ตอนฤดูหนาวบ้างจัง”
0,“ฉันด้วย” ม้าตัวอื่นๆพูด
0,ดังนั้น ในฤดูร้อน แม่และมารีจึงช่วยกันถักเสื้อกันหนาวให้ม้าทุกตัว พ่อก็พยายามช่วยถักด้วย
0,ส่วนลุยส์ก็เป็นคนสร้างเพิงให้พวกมัน
0,ฤดูหนาวถัดไป ลาน้อยและม้าทั้งหลายจึงได้อยู่ในทุ่ง ที่ซึ่งพวกมันจะได้ดูพระอาทิตย์ขึ้นบนเนินทุกๆเช้า
0,สุนัขจิ้งจอกกับนายพราน
0,อีแรน เดอเกลแปร์
0,จะมีใครรู้บ้างไหมว่า เมื่อก่อนนี้สุนัขจิ้งจอกไม่ได้มีขนสีน้ำตาลอย่างตอนนี้ แต่มันมีขนสีขาว
0,ถ้าอยากรู้ว่าทำไมสุนัขจิ้งจอกสีขาวจึงกลายเป็นสีน้ำตาล ต้องอ่านเรื่องนี้
-1,นานแสนนานมาแล้ว สุนัขจิ้งจอกตัวหนึ่งชอบแอบเข้าไปขโมยไก่ของชาวบ้านกินเป็นประจำไม่ว่าชาวบ้านจะหาทางป้องกันอย่างไร มันก็ยังเข้าไปกินไก่ในเล้าได้อยู่ดี
0,ในที่สุดพวกเขาก็มาประชุมกันเพื่อหาทางจัดการกับสุนัขจิ้งจอกเจ้าเล่ห์ตัวนี้
1,“พวกเราต้องช่วยกัน ไม่อย่างนั้นสัตว์เลี้ยงของเราไม่เหลือแน่ๆ” ชายคนหนึ่งพูด
-1,แล้วพวกเขาก็แบ่งกลุ่มกันออกไปตามล่าเจ้าสุนัขจิ้งจอกเจ้าเล่ห์
0,พอรู้ว่ามีคนกำลังตามล่า เจ้าสุนัขจิ้งจอกก็รีบหนีเข้าไปในป่าลึก แต่เพราะขนสีขาวของมันตัดกับสีของต้นไม้รอบตัวมาก ชาวบ้านจึงมองเห็นมันในที่สุด
0,“นั่นไง มันอยู่ตรงนั้น ตามไปเร็วพวกเรา”
0,เจ้าจิ้งจอกไม่รู้ว่าจะหนีไปไหน เพราะถูกชาวบ้านล้อมไว้
-1,“ตายแน่เราคราวนี้ ไม่น่าไปขโมยไก่มากินเลย ถ้ารอดไปได้ฉันจะไม่ทำอีกแล้ว ฉันจะหาอาหารอยู่แต่ในป่าเหมือนตัวอื่นๆ” เจ้าจิ้งจอกพูดกับตัวเองขณะนอนรอความตาย
1,ขณะนั้นเอง เทวดาประจำป่าซึ่งรับรู้เหตุการณ์ทั้งหมดมาโดยตลอดได้ยินที่เจ้าสุนัขจิ้งจอกพูดก็รู้สึกสงสาร จึงบันดาลให้เกิดพายุพัดใบไม้แห้งร่วงลงมาคลุมตัวเจ้าจิ้งจอก พอพวกชาวบ้านมาถึงก็มองไม่เห็น
0,“อะไรกัน! เมื่อกี้ยังเห็นอยู่เลย มันหายไปไหนนะ”
0,พวกเขาช่วยกันหาเจ้าจิ้งจอกกันอยู่นานจนเห็นว่าคงไม่เจอแน่ๆ แล้วจึงพากันกลับ
0,เจ้าจิ้งจอกรอจนชาวบ้านไปหมดแล้วจึงออกมาจากกองใบไม้
0,ตั้งแต่นั้นเป็นต้นมา เจ้าจิ้งจอกก็ไม่เคยเข้าไปที่หมู่บ้านอีกเลย
0,แมลงหวี่น้อยผู้ยิ่งใหญ่
0,ฌานีน กอลลิเอ
1,ครั้งหนึ่งยังมีแมลงหวี่ตัวน้อยอาศัยอยู่กับพ่อ และแม่อย่างมีความสุข
0,ทุกๆเช้ามันจะปล่อยตัวให้ลอยตามกระแสลมไปเยี่ยมเยียนดอกไม้และต้นไม้
1,พ่อแม่ของมันภูมิใจในตัวลูกของมันมาก แม่ชอบพูดย้ำเสมอว่าลูกของตนจะต้องทำสิ่งที่ยิ่งใหญ่ในอนาคต
1,พวกแมลงแถวนั้นพากันหัวเราะอยู่ในใจคุยกันว่า แมลงหวี่ตัวน้อยเท่านี้จะทำอะไรที่ยิ่งใหญ่ได้
0,เช้าวันหนึ่ง ขณะที่แมลงหวี่น้อยปล่อยตัวให้ลื่นไหลไปตามลำแสงของดวงอาทิตย์ สายลมก็พัดตัวมันไปติดกับใยแมงมุม
-1,มันพยายามดิ้นให้หลุด แต่ก็ไม่สำเร็จ
-1,ขณะที่ถูกแขวนอยู่กับใยสีเงิน แมลงหวี่ผู้เคราะห์ร้ายคิดถึงพ่อกับแม่มากกว่าความปลอดภัยของตัวเอง
-1,พ่อกับแม่คงเสียใจมากถ้าไม่ได้เห็นลูกรักกลับบ้าน
0,เจ้าแมงมุมเดินมาแล้ว
-1,แมลงหวี่น้อยร้องไห้ด้วยความกลัว
-1,“แมงมุมจ๋า กรุณาเถิด ถ้าฉันไม่กลับไป พ่อกับแม่ของฉันต้องเสียใจมากแน่ๆ”
1,เจ้าแมงมุมได้ฟังก็รู้สึกสงสาร จึงปล่อยนักโทษของมันไปแมลงหวี่บินไปพร้อมกับร้องขอบคุณ
1,สองสามวันต่อมา ขณะที่แมงมุมกำลังห้อยตัวเล่นอย่างสบายอารมณ์ นกนางแอ่นตัวหนึ่งก็บินมาคาบมันขึ้นไปในอากาศอย่างรวดเร็ว
-1,“กรุณาฉันเถิด คุณนกนางแอ่น” แมงมุมร้องครวญ
-1,“โปรดเมตตาแมงมุมผอมโซเกินกว่าจะเป็นอาหารอันโอชะของคุณเถิด”
1,“แต่ฉันว่าแมงมุมผอมตัวเดียวในปากยังดีกว่าแมงมุมอ้วนๆสิบตัวในโพรงนะ” นกนางแอ่นว่า
1,“กรุณาเถิด ปล่อยฉันไปเหมือนที่ฉันเคยปล่อยแมลงหวี่ที่จับได้เถิด” แมงมุมร้องวิงวอน
1,“คุณนกที่สวยงาม บินเร็วปานสายลม จะมีน้ำใจน้อยกว่าแมงมุมตัวหนึ่งเชียวหรือ” นกนางแอ่นหยุดคิดนิดหนึ่งแล้วตอบว่า “นกนางแอ่นต้องมีน้ำใจมากกว่าแมงมุมอยู่แล้ว ไปเถอะฉันจะปล่อยเจ้าไป”
0,แมงมุมไม่อาจจะขอบคุณได้ เพราะมันร่วงละลิ่วลงมาจากฟ้า หล่นลงบนต้นหญ้านุ่มๆ
1,มันนึกชื่นชมตัวเองที่เคยมีเมตตาต่อแมลงหวี่
0,สองสามวันต่อมา ขณะที่นกนางแอ่นกำลังง่วนอยู่กับการทำรังในเสาต้นหนึ่ง มันก็เห็นเงาโฉบลงมาบนศีรษะอย่างรวดเร็ว
0,มันพยายามหนี แต่ก็ถูกจับได้
-1,นกนางแอ่นที่น่าสงสารรู้สึกว่าได้ถูกกรงเล็บอันน่าสะพรึงกลัวของนกอินทรีขยุ้มเอาไว้แล้ว
0,ราชาแห่งนกออกบินมุ่งหน้าไปที่รังของมันบนยอดเขา มันได้ยินเสียงเล็กๆที่น่าสงสารดังออกมาจากกระจุกขนในกรงเล็บว่า
1,“โอ้ท่านพญาอินทรีผู้ทรงพลังและงามสง่าในหมู่มวลนกทั้งหลาย ท่านจะมีน้ำใจน้อยกว่าแมงมุมกระจ้อยร่อย หรือนกนางแอ่นผู้ยากไร้ตัวหนึ่งเลยหรือ”
-1,“ใครว่าฉันใจแคบกว่าพวกสัตว์ต่ำต้อยพวกนั้น” นกอินทรีถาม
0,“ฉันนี่แหละ” นกนางแอ่นตอบ
0,“แมงมุมปล่อยแมลงหวี่ที่ติดใยของมัน และฉันก็ปล่อยแมงมุมที่เป็นเหยื่อของฉันไปแล้ว” เมื่อนกอินทรีย์ได้ฟังเรื่องราวเช่นนั้นแล้ว
-1,มันก็ไม่อยากได้ชื่อว่าใจแคบกว่าสัตว์ที่มีศักดิ์ศรีน้อยกว่าพวกนั้น มันจึงปล่อยนกนางแอ่นเป็นอิสระ
1,นกนางแอ่นบินไปด้วยความดีใจที่มันรับฟังคำวิงวอนของ แมงมุม
1,และตั้งแต่บัดนั้นเป็นต้นมา สัตว์ที่มีปีกทั้งหลาย ตั้งแต่แมลงตัวจิ๋วไปจนถึงพญาอินทรีก็อยู่ร่วมกันอย่างกลมเกลียว เนื่องจากน้ำใจแสนประเสริฐของแมลงหวี่ตัวกระจิริดนั่นเอง
0,บุรุษไปรษณีย์ผู้น่ารัก
0,มาติน เลอกรังด์
1,ที่ลานกลางหมู่บ้าน มีพ่อค้าร้านขายของชำคนหนึ่ง อาศัยอยู่ตามลำพังกับลูกสาวสุดที่รักชื่อลูอิส
0,เขาขายของทุกอย่างไม่ว่าปากกา พู่กัน ลูกกวาด กรรไกร จุกขวด ผ้าม่าน
1,ร้านของเขาดูงดงามราวกับสายรุ้งที่อยู่ทามกลางชุมชนแออัด
-1,แต่โชคร้ายที่ระยะหลังนี้ไม่มีใครซื้อของที่ร้านของเขาเลย ไม่ว่านอตสักตัวหรือกระดุมสักเม็ด
-1,วันหนึ่ง ด้วยความท้อแท้ พ่อค้าจึงตัดสินใจออกเดินทางไปแสวงโชคในอีกซีกโลกหนึ่ง
-1,ระหว่างที่เขาเดินทางไปนั้น ลูอิสน้อยจะต้องอาศัยอยู่กับป้าซึ่งเป็นหญิงชราผมหงอกขาวโพลน เด็กๆในหมู่บ้านเรียกแกว่ายายจู้จี้
-1,เมื่อถึงวันเดินทาง เด็กหญิงโศกเศร้ามาก เธอเอาแต่ร้องไห้
1,ผู้เป็นพ่อจึงปลอบและให้สัญญากับเธออย่างเข้มแข็งว่า “อย่าร้องไห้ไปเลยลูกรัก พ่อจะไม่ลืมลูก จะเขียนจดหมายมาหาจากทุกที่ที่พ่อไปถึง ลูกจะต้องได้ข่าวพ่อทุกวันเชียวละ” แล้วเขาก็จากไป
-1,เวลาผ่านไปวันแล้ววันเล่า เดือนแล้วเดือนเล่า ลูอิสที่น่าสงสารอยู่กับคุณยายจู้จี้ที่คอยตะคอกสั่งงานเธอทุกวัน
-1,“ไปขัดถูโต๊ะเก้าอี้พวกนั้น ไปเช็ดกระจกหน้าต่าง ไปขัดพื้น ฯลฯ” ไม่เคยมีคำพูดอ่อนโยนหรือคำที่แสดงความรักเลยแม้แต่คำเดียว
1,วันที่ลูอิสมีความสุขก็คือวันที่เธอได้รับจดหมายจากพ่อ มันเป็นเหมือนแสงแดดที่ขับไล่ความโศกเศร้าไปจากตัวเธอจริงๆ
1,บุรุษไปรษณีย์ชื่อเฟลิกซ์นำจดหมายล้ำค่านี้มาให้เธอ เขามีดวงตาสีน้ำตาลอ่อนโยนและไม่มีอะไรจะทำให้เขามีความสุขได้เท่ากับการได้เห็นรอยยิ้มของลูอิส
-1,จนมาถึงวันอาทิตย์อันแสนเศร้า วันหนึ่งในฤดูใบไม้ร่วง เฟลิกซ์ไม่มีจดหมายมาให้เธอ วันรุ่งขึ้นก็ไม่มีและไม่มีไปจนตลอดสัปดาห์
-1,“พ่อเขาลืมแกไปแล้วละ” คุณยายจู้จี้พูดอย่างไม่ถนอมน้ำใจ
-1,ลูอิสตกอยู่ในช่วงเวลาแห่งความเศร้า
-1,“โถ ไม่ได้การเสียแล้ว” บุรุษไปรษณีย์หนุ่มน้อยไม่อาจทนเห็นเธอร้องไห้ เขาจึงตัดสินใจว่าจะเขียนจดหมายถึงเธอ
0,เขาใช้ปากกาด้ามที่ดีที่สุดเลียนแบบลายมือที่คุ้นเคยของพ่อค้า เขาเขียนจดหมายตลอดคืนนั้นและคืนต่อๆมา
0,เพื่อส่งข่าวสารจากทั่วโลกให้แก่ลูอิส จากออสเตรเลีย ปาตาโกนี ชิลี อินโดนีเซีย ลาปอน ญี่ปุ่น อูกันดา หรือบอตสวานา
0,และเมื่อเขาคิดว่าได้เขียนไปครบหมดทุกที่แล้ว ก็คิดชื่อดินแดนอื่นๆขึ้นมาอีกไม่ว่าจะเป็นกาปาบาวานา มิชิกาตองบุคตูมาลู หรือปาปาโบนูก็มี
1,หลายปีผ่านไป ลูอิสโตเป็นสาว เธอเป็นหญิงสาวที่สวยงาม
1,แต่จะมีความสุขเฉพาะเวลาที่ บุรุษไปรษณีย์มาหาเท่านั้น
0,เช้าตรู่วันหนึ่ง ก่อนพระอาทิตย์ขึ้นเธอได้ยินเสียงเคาะประตู
-1,“ไปเปิดประตูซิ” เสียงคุณยายจู้จี้ตะโกนสั่ง
1,ลูอิสเปิดประตู แล้วเธอก็พบผู้ชายที่แต่งกายหรูหรายืนอยู่ที่หน้าประตู
0,เขาอ้าแขวนรอรับเธอ “พ่อ พ่อจ๋า หนูได้รับจดหมายพ่อทุกฉบับเลย แม้กระทั่งฉบับสุดท้ายที่ส่งมาจากดินแดนที่ไกลแสนไกล หนูก็ได้รับเมื่อวานนี้เอง”
-1,พ่อมองหน้าลูกสาวด้วยความสงสัย “ลูกรัก อย่าล้อเล่นน่า พ่อไม่ได้เขียนจดหมายถึงลูกมาตั้งนานแล้ว เพราะเรือที่พ่อขึ้นเกิดล่มทำให้พ่อต้องผจญภัยมากมาย
1,พ่อจะเล่าให้ฟังทีหลัง พ่อดีใจเหลือเกินที่ได้กลับมาหาและได้อยู่กับลูกอีก ฟังนี่นะ พ่อจะซื้อปราสาทและสร้างร้านใหม่ให้ใหญ่โตสวยงามทีเดียว”
0,ลูอิสใช้เวลาชั่วโมงแล้วชั่วโมงเล่าฟังพ่อเล่าเรื่อง เธอซุกตัวอยู่ในอ้อมอกพ่อ แต่ถึงอย่างไร เธอก็ยังไม่มีความสุข
0,เธอยังคิดถึงจดหมายที่ได้รับในช่วงเวลาที่ผ่านมา และเธอก็เข้าใจเรื่องทั้งหมด
0,“พ่อรอเดี๋ยวนะ เดี๋ยวหนูมา” ลูอิสวิ่งไปยังบ้านที่อยู่ติดกับที่ทำการไปรษณีย์ มองเข้าไปทางช่องหน้าต่าง
1,เฟลิกซ์อยู่ที่นั่นเอง นั่งอยู่ที่โต๊ะ ศีรษะซบตะแตงข้าง เขาหลับคาจดหมายที่กำลังเขียนอยู่ ปากกายังอยู่ในมือ และหัวใจของลูอิสก็ตื้นตันในตัวเขาเป็นอันมาก
1,หลังจากนั้นอีกหนึ่งสัปดาห์ ในปราสาทสีรุ้ง พ่อก็จัดงานแต่งงานให้ลูกสาวกับบุรุษไปรษณีย์อย่างใหญ่โต
1,ใครๆก็พูดว่าคู่รักทั้งสองจะไม่มีวันพรากจากกันเลย เพราะพวกเขาเขียนจดหมายรักถึงกันตลอดเวลา
0,นกสาลิกากับนกยูง
1,ยินดีต้อนรับอีกครั้ง ผู้ฟังที่น่ารักของฉัน นี่เป็นโอกาสสุดท้ายที่เราจะได้คุยกัน พรุ่งนี้ฉันต้องออกเดินทางแล้ว
0,ฉันต้องเดินทางไปกรุงเดลฟีตามคำสั่งของกษัตริย์โครเอซัส
1,ฉันสนุกมากที่ได้เล่านิทานเรื่องต่างๆ ให้พวกเธอฟัง
1,ฉันแน่ใจว่า ฉันมีความสุขจากการเล่า พอๆ กับที่พวกเธอมีความสุขจากการฟังนั่นแหละ
1,ฉันโชคดี เพราะพรสวรรค์ในการเล่านิทานทำให้ฉันมีอิสรภาพและมีชีวิตที่ดี
0,พวกเธอบางคนอาจอยากเป็นนักเล่านิทานเหมือนฉัน พวกเธอควรรู้ว่านักเล่านิทานหลายคนไม่ได้ร่ำรวยหรือมีชื่อเสียง
1,ฉันเชื่อว่านักเล่านิทานเก่งๆ 
-1,ยังคงยากจนและไม่เป็นที่รู้จัก
1,พวกเขาเล่านิทานเพื่อสอนและให้ความบันเทิง ไม่ใช่เพื่อหาเงิน
1,อย่าอิจฉาคนที่ร่ำรวยและยิ่งใหญ่เลย อย่ามุ่งหวังแค่เพียงอำนาจ
1,แต่จงเป็นคนใจดีและใจกว้างเถิด
1,อย่าอิจฉากษัตริย์ พ่อค้า และเจ้าชายที่มีเสื้อผ้าอาภรณ์และบ้านที่สวยงาม
1,จงพอใจกับตนเอง ครอบครัว และความสามารถของตน
1,เพราะสิ่งเหล่านี้จะทำให้พวกเธอมีความสุขอย่างแท้จริง
0,ฉันมีนิทานเรื่องสุดท้ายจะเล่าให้ฟัง
0,เรื่องที่ฉันเล่าให้ตัวเองฟังไม่รู้เบื่อ ชื่อเรื่องว่า นกสาลิกากับนกยูง
0,ในกิ่งก้านสาขาของต้นโอ๊กเก่าแก่ มีรังที่สร้างจากกิ่งไม้และใบไม้ ยึดไว้ด้วยฟางกับขนแกะ
1,ภายในมีพ่อกับแม่นกสาลิกา และลูกๆ สี่ตัวอาศัยอยู่ พวกมันร้องจิ๊บๆ อย่างมีความสุขตลอดวัน
0,เมื่อนกสาลิกาน้อยโตพอจะบินได้ พ่อกับแม่ก็สอนให้ลูกๆ รู้จักจับหนอนกินเอง
1,และสอนวิธีเลียนเสียงนกพันธุ์อื่นๆ เพื่อความสนุกสนานครื้นเครง
0,เมื่อนกสาลิกาตัวใหญ่ที่สุดอายุได้เจ็ดสัปดาห์และเริ่มเป็นผู้ใหญ่ มันบินข้ามแนวพุ่มไม้สูง จนมาอยู่ในสวนของพระราชา ตอนนั้นอยู่ในช่วงปลายฤดูใบไม้ผลิ
1,กุหลาบกำลังออกดอกบานสะพรั่ง น้ำพุตั้งอยู่กลางสวน มีนกยูงที่สง่างามฝูงหนึ่งเดินกรีดกรายอยู่รอบๆ สนามหญ้า
1,นกสาลิกาหนุ่มไม่เคยเห็นสัตว์ที่ดูสง่างามเช่นนี้มาก่อน
0,เหล่านกยูงเดินขบวนกันหน้าน้ำพุ หางที่มันวาวของพวกมันรำแพนต้องแสงอาทิตย์ ส่องประกายระยิบระยับ เหมือนท้องทะเลสีน้ำเงินอมเขียวแต้มด้วยเพชรนิลจินดา
-1,ทันใดนั้นนกสาลิกาก็รู้สึกอับอายขนที่ต่ำต้อยของมัน เหมือนกับชายที่ฝันร้ายว่าตัวเองสวมชุดซอมซ่อ เดินทะเล่อทะล่าเข้าไปในวัด
0,มันจึงซ่อนตัวอยู่ในต้นมะเดื่อ
0,คนรับใช้คนหนึ่งเดินถือตะกร้าหวายออกมาจากพระราชวังและโปรยอาหารให้นกยูง
1,เจ้าชายน้อยองค์หนึ่งวิ่งออกมาเล่นท่ามกลางฝูงนก หัวเราะและชื่นชมสีสันของพวกมัน
0,หลังจากกินเสร็จ พวกนกยูงก็นอนหลับ
0,ทำให้นกสาลิกาสามารถกระพือปีกออกจากต้นไม้โดยไม่มีใครเห็น
0,พอกลับบ้านแม่ของมันถามว่าวันนี้สนุกหรือเปล่า
-1,“ก็ดีจ้ะ” มันตอบอย่างไร้ความกระตือรือร้นเหมือนเคย แล้วมันก็นอนไม่หลับตลอดคืน
1,เพราะมัวแต่คิดถึงนกยูงและขนที่สวยงามของพวกมัน
-1,ในตอนเช้า มันบินไปที่สระน้ำและสำรวจเงาที่น่าเศร้าของตนในน้ำพร้อมกับถอนหายใจ
-1,“เฮ้อ ฉันอยากเป็นนกยูงบ้างจัง จะได้อยู่ข้างน้ำพุในสวนของพระราชา และมีเจ้าชายน้อยคอยชื่นชม
1,มันคงสนุกกว่าการค้นหาลูกโอ๊ก หรือหาหนอนเป็นไหนๆ”
-1,จากวันนั้นเป็นต้นมา มันจะไปซ่อนตัวอยู่ในต้นมะเดื่อทุกวัน เพื่อเฝ้าดูและอิจฉาพวกนกยูงในสวน
1,“ออกมาเถอะ” น้องๆของมันบอกเมื่อล่วงรู้ความลับ “มีแกะในทุ่งหญ้าแน่ะ เราเลียนเสียงพวกมันเป็นแล้วด้วย สนุกกว่าซ่อนตัวอยู่ในต้นไม้นี้เป็นไหนๆ”
0,“ออกมาจากสวนนั่นเถอะ” แม่ของมันบอก เมื่อนกสาลิกาหนุ่มเล่าเรื่องทั้งหมดให้ฟัง
0,“ชนบทเต็มไปด้วยแมลงให้เราจับกิน”
0,“ออกมาจากต้นไม้นั้นเถอะ” พ่อของนกสาลิกาบอก
0,เมื่อแม่ของมันเล่าให้ฟังว่าทำไมมันถึงไม่ใช้เวลาอยู่กับครอบครัวอีกเลย
1,“พ่อจะสอนให้เจ้าขุดรูใต้ดิน เจ้าจะได้รู้ว่าจะซ่อนลูกโอ๊กไว้ที่ไหนเมื่อมันสุกงอม”
0,แต่ไม่มีอะไรดึงดูดให้นกสาลิกาหนุ่มออกจากสวนของพระราชาได้
0,ฤดูใบไม้ผลิเปลี่ยนเป็นฤดูร้อน และนกยูงก็เริ่มผลัดขน ทิ้งขนนกไว้บนสนามหญ้า นกสาลิกาจึงเกิดความคิด
0,“โอกาสที่ฉันจะเป็นนกยูงมาถึงแล้ว” มันบอกกับตนเอง
0,และขณะที่นกยูงนอนหลับอยู่ใต้ร่มเงาของซุ้มกุหลาบ มันก็กระโดดลงจากคอนและเก็บขนนกที่ร่วงหล่น
0,ไม่นานมันก็เก็บได้มากพอจะดำเนินการตามแผน มันเจอฟางเส้นหนึ่งปลิวมาในแนวพุ่มไม้ จึงใช้กรงเล็บกับจะงอยมัดขนนกยูงเข้ากับหางของตน
1,“ทีนี้ฉันก็เป็นนกยูงแล้ว” มันพูดอย่างมีความสุข แล้วก็บินอย่างภาคภูมิใจลงสู่สนามหญ้าที่เรียบเตียน
0,“สวัสดี” พวกนกยูงโงหัวขึ้นทีละตัวพร้อมกับกะพริบตาที่เหมือนอัญมณี
0,“ดูสิ พวกเรา มีนกยูงตัวใหม่ในสวนแน่ะ” ตัวหนึ่งพูด
1,“เจ้าเป็นของกำนัลชิ้นใหม่ของเจ้าชายหรือ ใครส่งเจ้ามา ผู้ครองเมืองบาบิโลนอันมหัศจรรย์หรือฟาโรห์แห่งอียิปต์อันลี้ลับกันล่ะ”
-1,พวกนกยูงล้อมวงเข้ามาต้อนรับมัน ส่งเสียงอึกทึกครึกโครม แล้วก็เกิดเรื่องโชคร้ายที่ไม่คาดคิด
0,การกอดรัดฟัดเหวี่ยงทำให้ฟางที่มัดขนนกยูงกับหางของนกสาลิกาหลุดออก ขนนกร่วงลงมา
-1,“เจ้าหลอกเรานี่” นกยูงตัวหนึ่งร้องลั่น
-1,“เจ้าไม่ใช่นกยูงเสียหน่อย แต่เป็นนกธรรมดาที่ควรอยู่แต่ในป่าโน่น เจ้าขโมยขนนกเหล่านั้นจากพวกเรา เอาคืนมานะ เจ้าหัวขโมย!”
-1,นกยูงตัวอื่นๆ ต่างก็โกรธที่ถูกหลอกจึงรุมจิกตีนกสาลิกา ไม่นานมันก็ไม่เหลือขนนกยูง รวมถึงขนอีกหลายกระจุกของตัวเอง
-1,นกที่น่าสงสารสู้อุตส่าห์หนีเอาชีวิตรอดมาได้
0,หลังจากพักหายใจในต้นมะเดื่อ มันก็เดินกะโผลกกะเผลกกลับบ้าน
-1,พ่อกับแม่ของมันไม่ได้ดุด่าที่มันทำตัวโง่ๆ ทั้งคู่ให้มันกินหนอนตัวอ้วนเนื้อฉ่ำระหว่างพักฟื้น
0,เมื่ออาการดีขึ้น พ่อก็สอนวิธีซ่อนลูกโอ๊กเมื่อสุกงอมให้มัน
1,นกสาลิกาสนุกกับการเรียนร้องเสียงนกพันธุ์อื่นๆ และเลียนเสียงแมวกับแกะซึ่งเป็นพรสวรรค์อันยอดเยี่ยมที่นกสาลิกาทุกตัวมีติดตัว
1,มันไม่อิจฉาพวกนกยูงที่ร้ายกาจพวกนั้นอีกต่อไป แต่มันมีความสุขมากที่ได้เป็นตัวของตัวเอง
0,“นิทานเรื่องนี้สอนให้รู้ว่า” จงเชื่อมั่น และเป็นตัวของตัวเอง
0,ของขวัญของมาร์ติน
0,อีแรน เดอเกลแปร์
0,วันนี้เป็นวันเกิดของมาร์ติน เธอบอกกับคุณปู่ของเธอว่า “คุณปู่คะ หนูอยากได้นาฬิกาเป็นของขวัญวันเกิดค่ะ”
1,คุณปู่ได้ฟังก็ยิ้ม เพราะรู้ว่าเด็กห้าขวบอย่างมาร์ตินไม่จำเป็นต้องใช้ของที่มีราคาแพงอย่างนาฬิกา
0,แต่คุณปู่ก็ไม่ได้ตอบอะไร เพียงแต่จับมือของเธอไว้และพูดว่า “ไปมาร์ติน ไปเดินเล่นกับปู่ แล้วหนูจะเข้าใจ”
1,มาร์ตินดีใจมากเพราะเธอชอบไปเดินเล่นกับคุณปู่
0,คุณปู่จูงมือมาร์ตินเดินออกจากบ้านไป มาร์ตินสงสัยว่าคุณปู่จะพาเธอไปไหน
0,แล้วทั้งสองก็เดินมาถึงสถานีรถประจำทาง ที่นั่นมีรถประจำทางมากมายจอดอยู่
-1,แล้วมาร์ตินก็เห็นผู้ชายคนหนึ่งท่าทางเคร่งเครียด เขาสวมเสื้อผ้าสีน้ำเงินเข้ม ทุกครั้งที่มีรถเข้ามาเขาก็จะดูเวลาแล้วจดลงสมุดของเขา บางครั้งเขาก็เรียกคนขับมาดุ
-1,“ทำไมเขาต้องโมโหด้วยคะคุณปู่” เธอถามคุณปู่อย่างสงสัย
-1,“หลานเอ๋ย ผู้ชายคนนั้นเป็นนายตรวจ เขามีหน้าที่ดูแลให้รถเข้าออกตามเวลาที่กำหนด เห็นไหมว่าเขาต้องดูนาฬิกาอยู่ตลอดเลย ถ้ารถคันไหนมาช้า เขาก็ต้องตำหนิคนขับ และคนขับรถแต่ละคนก็ต้องคอยดูนาฬิกาอยู่ตลอดเหมือนกันเพื่อไม่ให้มาช้า”
-1,มาร์ตินคิดในใจว่านายตรวจคนนั้นช่างน่าสงสารเสียจริงที่ต้องอารมณ์เสียตลอดเวลา
0,“ไปเถอะ เราไปที่ถนนใหญ่กัน” คุณปู่บอก
-1,บนทางเดินมีผู้คนมากมาย ทุกคนดูเร่งรีบและไม่มีความสุข บางคนดูเวลาแล้วทำหน้าเครียด
-1,“ตายแล้ว ฉันต้องไปไม่ทันแน่ๆ” มาร์ตินได้ยินผู้ใหญ่คนหนึ่งพูด
0,คุณปู่พาเธอข้ามถนนไปอีกฝั่งหนึ่ง ที่นั่นเธอก็ได้ยินผู้หญิงอีกคนหนึ่งพูดเด็กผู้ชายตัวเล็กๆว่า
-1,“เร็วๆสิ แม่ต้องไม่รับน้องที่โรงเรียนอนุบาลอีกนะ” แล้วผู้หญิงคนนั้นก็ก้มดูนาฬิกาที่ข้อมือ “เดี๋ยวก็ไม่ทันกันพอดี”
0,จากนั้นปู่ก็พาเธอมาที่ห้องสมุด แต่เมื่อไปถึง เจ้าหน้าที่ก็ชี้ไปที่นาฬิกาเรือนใหญ่แล้วบอกว่า “หกโมงเย็นแล้ว ห้องสมุดปิดแล้วครับ”
1,คุณปู่จึงพามาร์ตินกลับบ้าน ระหว่างทางมีชายคนหนึ่งเดินผิวปากอย่างมีความสุข
1,มาร์ตินมองที่ข้อมือทั้งสองข้างของเขาแล้วพูดว่า “ผู้ชายคนนั้นท่าทางมีความสุขจังนะคะคุณปู่ แล้วเขาก็ไม่ได้สวมนาฬิกาด้วย”
1,“ถูกแล้วละหลาน เขาสบายใจเพราะไม่ต้องคอยคิดเรื่องเวลาอยู่ตลอดเหมือนคนอื่นๆ”
0,“หนูเข้าใจแล้วค่ะ ตอนนี้หนูไม่อยากได้นาฬิกาแล้วละค่ะ”
1,เธอบอกคุณปู่แล้วทั้งสองก็พากันเดินกลับบ้านอย่างมีความสุข
0,การผจญภัยของลูกค้างคาว
0,มาติน เลอกรังด์
0,ท่ามกลางความมืดมิดในยามค่ำคืน ชายชราคนหนึ่งกำลังนั่งอ่านหนังสืออย่างเงียบๆ
0,ทันใดนั้นเขาก็รู้สึกเหมือนมีอะไรบางอย่างเคลื่อนผ่านด้านหลังไปอย่างรวดเร็ว เขารีบหันไปดูแต่ก็ไม่พบอะไร
0,ชายชราจึงเปิดไฟทุกดวงแล้วเดินดูทั่วห้อง ในที่สุดเขาก็พบลูกค้างคาวตัวหนึ่งห้อยหัวอยู่ที่ขื่อไม้
0,ครอบครัวของเจ้าค้างคาวน้อยตัวนี้อาศัยอยู่ในยุ้งข้าวเก่าๆที่อีกหมู่บ้านหนึ่ง
-1,พ่อของมันบอกเสมอว่าไม่ให้ลูกๆบินออกไปข้างนอกตอนกลางวันเด็ดขาด เพราะค้างคาวไม่สามารถทนต่อแสงสว่างได้ และนอกจากนั้นยังอาจถูกเหยี่ยวจับไปหรืออาจถูกคนทำร้ายได้
1,พวกลูกๆทุกตัวต่างเชื่อฟังคำเตือนของพ่อค้างคาวเป็นอย่างดี
-1,เจ้าค้างคาวน้อยซึ่งเป็นน้องสุดท้องรู้สึกไม่พอใจที่ถูกทิ้งให้อยู่ตัวเดียว มันอยากออกไปหาอาหารเหมือนพี่ๆบ้าง
0,แต่พ่อบอกว่ามันยังเด็กเกินไป ต้องรอให้โตกว่านี้อีกหน่อย
0,เจ้าค้างคาวน้อยรอไม่ไหวแล้ว วันนี้มันต้องแสดงให้ทุกตัวเห็นว่ามันไม่ใช่เด็กเล็กๆ อีกต่อไป
0,เจ้าค้างคาวน้อยตัดสินใจบินออกไปทั้งๆที่ใกล้จะสว่างแล้ว
0,มันคิดว่าไปเดี๋ยวเดียวคงไม่เป็นไร แต่มันไม่รู้เลยว่าการตัดสินใจครั้งนี้จะทำให้ชีวิตต้องเปลี่ยนไปอย่างไม่มีวันเหมือนเดิม
0,หลังจากบินไปได้ไม่นาน ฟ้าก็สว่างขึ้น เจ้าค้างคาวเริ่มมองอะไรไม่เห็นเพราะแสงสว่างทำให้ตามันฝ้าฟาง
1,ค้างคาวน้อยพยายามเพ่งสายตาไปข้างหน้าเพื่อหาทางกลับบ้าน แล้วมันก็เห็นยุ่งข้าวเก่าๆหลังหนึ่ง “บ้านของเราอยู่นั่นเอง” มันนึกในใจและรีบบินเข้าไปในยุ่งข้าวหลังนั้น
-1,แต่มันก็ต้องผิดหวังเมื่อพบว่านั่นไม่ใช่บ้านของมัน ในนั้นมีค้างคาวอาศัยอยู่เต็มไปหมดเลย เจ้าค้างคาวน้อยจึงต้องบินต่อไปแม้ว่าข้างนอกจะสว่างมากแล้ว
0,ในที่สุดมันก็เห็นหน้าต่างของบ้านหลังหนึ่งเปิดอยู่ จึงรีบโผล่เข้าไป
0,แล้วทั้งหมดก็คือเรื่องราวของเจ้าค้างคาวตัวน้อยที่บินเข้ามาอยู่ในห้องของชายชรา
0,ตอนเช้า เจ้าค้างคาวน้อยยังคงเกาะอยู่ที่เดิม
-1,ชายชราจึงเรียกหลานชายมาดู พอมันได้ยินเสียงคนก็ตกใจบินหนีออกไป
0,แต่แล้ววันรุ่งขึ้นพวกเขาก็พบวันเกาะอยู่ที่เดิมอีก
0,ที่เป็นเช่นนี้ก็เพราะว่าเจ้าค้างคาวน้อยกลับบ้านไม่ถูก
1,มันจึงตัดสินใจอาศัยอยู่ที่บ้านหลังนี้เพราะคนที่นี่ใจดี
1,และตั้งแต่นั้นมาเจ้าค้างคาวก็อาศัยที่บ้านของชายชราอย่างมีความสุข
0,บางครั้งมันก็ช่วยจับแมลงต่างๆกิน เพื่อเป็นการตอบแทนเจ้าของบ้าน
0,กระรอกน้อยกับนกเค้าแมว
0,ฌากเกอลีน โบวี
0,บนเขาเล็กๆลูกหนึ่ง มีกระรอกสีน้ำตาลอมแดงตัวหนึ่งอาศัยอยู่ในโพรงของต้นโอ๊ก
0,ขนของมันสะท้อนแสงแดดเป็นประกายแวววาว
0,ช่วงนี้เป็นฤดูใบไม้ร่วง กระรอกน้อยต้องรีบสะสมอาหารเอาไว้สำหรับฤดูหนาวที่กำลังจะมาถึงในรังของมันจึงเต็มไปด้วยผลไม้ต่างๆมากมาย ทั้งลูกสน ลูกเบอรี่ และถั่วหลายชนิด
1,แต่สิ่งที่มันต้องการมากที่สุดก็คือลูกเฮเซลนัต เจ้ากระรอกชอบกินลูกเฮเซลนัตมากกว่าอะไรทั้งหมด
-1,แต่น่าเสียดายที่บนเขาลูกนี้ไม่มีต้นเฮเซลนัตแม้แต่ต้นเดียว
0,มันจึงตัดสินใจเดินทางไปที่เขาลูกอื่นเพื่อเก็บลูกเฮเซลนัตมากิน
0,เจ้ากระรอกน้อยออกเดินทางแต่เช้า มันเดินไปไกลกว่าทุกครั้ง แล้วทันใดนั้นมันก็ได้กลิ่นอะไรบางอย่างลอยมาตามลม
0,“ต้องเป็นเฮเซลนัตแน่ๆ” มันคิดแล้วรีบเดินตามกลิ่นนั้นไป
1,ไม่นานก็พบต้นเฮเซลนัต มันดีใจมาก รีบไต่ไปตามกิ่งไม้อย่างตื่นเต้น
1,“ลูกเฮเซลนัตเต็มไปหมดเลย” เจ้ากระรอกร้องอย่างตื่นเต้น
0,กระรอกน้อยรีบเก็บลูกเฮเซลนัตไปไว้ที่รัง มันขนไปมากเท่าที่จะมีแรง
0,แต่ขณะที่กำลังตั้งหน้าตั้งตาทำงานของตัวเองอยู่นั้น เจ้ากระรอกก็ได้กลิ่นไม่น่าไว้ใจบางอย่าง มันมองไปรอบๆ
-1,นั่นไง! เจ้านกเค้าแมวจอมโหดอยู่บนกิ่งไม้นั่นเอง
1,โชคดีที่นกเค้าแมวกำลังหลับอยู่ เจ้ากระรอกจึงค่อยๆ เดินอย่างระมัดระวัง
-1,แต่แล้วมันก็เผลอทำลูกเฮเซลนัตหล่นลงพื้น
1,เจ้ากระรอกยืนตัวแข็งไม่กระดุกกระดิก ตามองไปที่เจ้านกเค้าแมว โชคดีที่มันยังคงหลับสนิทกระรอกน้อยยืนนิ่ง จนแน่ใจว่าปลอดภัยแล้วก็ตัดสินใจวิ่งไปอย่างรวดเร็ว
0,เสียงฝีเท้าของมันทำให้เจ้านกเค้าแมวตื่นขึ้น
0,มันเห็นเจ้ากระรอกแว้บๆ แต่แสงแดดตอนเที่ยงทำให้มันตาพร่ามัว
0,“ไม่เป็นไร เอาไว้คราวหน้าค่อยจับมันก็ได้ ถึงยังไงตอนนี้เราก็รู้แล้วว่าเจ้ากระรอกนั่นชอบกินลูกเฮเซลนัตเต็ม ซึ่งแถวนี้ก็มีเพียงต้นนี้ต้นเดียวเท่านั้น มันต้องกลับมาอีกแน่ๆ” เจ้านกเค้าแมวบอกกับตัวเอง
0,แล้วก็เป็นอย่างที่คาดไว้ วันรุ่งขึ้นเจ้ากระรอกก็กลับมา
0,เฮเซลนัตสองสามลูกที่มันเก็บได้เมื่อวานนั้นช่างน้อยนิดเหลือเกิน กระรอกน้อยตัดสินใจอยู่นานก่อนจะยอมเสี่ยงชีวิตกลับมาอีกครั้ง
1,มันปลอบใจตัวเองว่านกเค้าแมวนั้นต้องนอนหลับพักผ่อนในเวลากลางวัน ถ้าไม่ทำเสียงดังมันก็ไม่รู้ และอีกอย่างหนึ่งนกเค้าแมวนั้นเป็นนกกลางคืน มันทนแสงแดดจ้าในเวลากลางวันไม่ได้
-1,กระรอกน้อยตัดสินใจกลับไปที่ต้นเฮเซลนัตอีกครั้ง แต่พอเดินเข้าไปใกล้จนเกือบจะถึง มันก็รู้สึกกลัวขึ้นมาอีก
0,มันมองหานกเค้าแมว ตรงนั้นไง! เจ้านกหลับอยู่ที่เดิม
0,กระรอกน้อยค่อยๆย่องเข้าไปจนถึงต้นเฮเซลนัต มันรีบเก็บลูกเฮเซลนัตอย่างรวดเร็ว พอเสร็จแล้วก็ค่อยๆย่องออกไป
0,นกเค้าแมวรู้ว่ามีกระรอกเข้ามา แต่พระอาทิตย์ทำให้มันลืมตาไม่ขึ้น
0,มันรู้ว่าต้นไม้นี้ยังมีลูกอยู่อีกมากมาย แต่รู้ว่าเจ้ากระรอกต้องกลับมาอีก
1,ซึ่งมันก็คิดถูก เพราะกระรอกกลับไปที่นั่นอีกนับไม่ถ้วน
1,เนื่องจากมันรู้ว่าพระอาทิตย์จะช่วยให้มันปลอดภัย
0,เช้าวันหนึ่งท้องฟ้าสลัว มีเมฆบังให้แดดอ่อนแสงลง นกเค้าแมวค่อยๆลืมตาขึ้น
0,เอาละ วันนี้แหละ มันจะได้กินกระรอกเสียที
1,แต่นกเค้าแมวไม่รู้เลยว่า กระรอกน้อยกำลังมองดูลูกเฮเซลนัตกองมหึมาที่สะสมไว้สำหรับฤดูหนาวอย่างภูมิใจ
0,มีลูกเฮเซลนัตกองล้นไปจนถึงเตียงนอน
0,ที่ต้นโอ๊ก นกเค้าแมวคงรออยู่
-1,มันเหนื่อยมากแต่ก็ไม่กล้าหลับ เพราะกลัวจะไม่ได้ยินเสียงของเจ้ากระจอก
-1,เวลาผ่านไป นกเค้าแมวก็เริ่มกระวนกระวาย
-1,มันมองดูต้นเฮเซลนัตที่เหลือแต่ใบแล้วก็รู้ว่ากระรอกน้อยจะไม่มาอีก มันถอนใจแล้วกลับไปที่ต้นโอ๊กอย่างผิดหวัง
0,กระดิ่งผูกคอแมว
1,ขอต้อนรับเด็กๆที่น่ารักทุกคน --โปรดทำตัวตามสบาย!
1,ถ้าเธอกำลังมองหาเรื่องสนุกๆอยู่ละก็ เธอมาถูกที่แล้ว
0,ฉันชื่ออีสป บางคนอาจจะเคยได้ยินชื่อฉัน ฉันเป็นนักเล่านิทานยังไงล่ะ
1,บางคนบอกว่าฉันเล่านิทานเก่งที่สุดในโลก แต่เรื่องนั้นฉันก็ไม่รู้ว่าจริงไหม!
1,นิทานของฉันเป็นเรื่องสั้นๆง่ายๆ ส่วนใหญ่เป็นเรื่องของสิงสาราสัตว์และชาวบ้านทั่วไป ไม่ใช่เรื่องราวของวีรบุรุษผู้กล้าและวีรกรรมยิ่งใหญ่อะไร
1,ถ้าเธอตั้งใจฟังให้ดี เธอจะรู้ว่าแต่ละเรื่องล้วนแฝงสาระให้กับผู้ฟัง เพื่อสอนพวกเขาว่าทำอย่าไรจึงจะฉลาดและมีความสุข
-1,บางครั้งมีคนถามว่าฉันจำเมื่อครั้งที่เล่านิทานเรื่องแรกได้ไหม ความจริงคือฉันจำไม่ได้หรอก
0,แม้แต่ตอนเป็นเด็กที่ต้องทำงานทั้งวันทั้งคืนในทุ่งหญ้าของเจ้านาย ความคิดต่างๆ จะผุดขึ้นมาเองในหัว
1,และฉันจะเล่าให้เพื่อนๆฟังเพื่อความเพลินเพลิน
0,ฉันเป็นทาสตั้งแต่เกิด และทาสไม่มีอะไรที่เป็นของตัวเองยกเว้นเสียง
0,แต่ฉันจำครั้งแรกที่เล่านิทานเรื่องโปรดเรื่องหนึ่งได้ ตอนนั้นฉันยังเด็กทีเดียว
-1,ฉันกับทาสเด็กอีกคนถูกจับได้ว่ากำลังแอบกินสตูในบ้านของเจ้านาย ผลจึงออกมาว่าพวกเราถูกโบยอย่างรุนแรง
1,เพื่อนๆที่ถูกโบยก้น เสนอให้พวกเราหนีไป
-1,ทั้งสองบอกให้เราขโมยทองจำนวนหนึ่งของเจ้านายเพื่อเอาไว้ใช้ระหว่างเดินทางออกทะเล
1,เราจะไปเข้าร่วมกับกลุ่มโจรสลัดที่ร่ำรวย
-1,จากการปล้นสะดมเรือและจับเจ้าชายเพื่อเรียกค่าไถ่
0,พวกเขาไม่ได้สนใจด้วยซ้ำว่าจะเกิดอะไรขึ้นถ้าถูกจับ
0,หรือถ้าโจรสลัดไม่รับพวกเรา
0,หรือถ้าพวกเราเกิดเมาคลื่นขึ้นมาล่ะ จะทำอย่างไร
0,ดังนั้น เพื่อสอนบทเรียนเรื่องการวางแผนให้พวกเขา
0,ฉันจึงเล่านิทานเรื่องกระดิ่งผูกคอแมว! ให้พวกเขาฟัง
0,ในหุบเขารอบกรุงเอเธนส์มีไร่แห่งหนึ่ง และที่ไร่แห่งนั้นมีหนูจำนวนมากอาศัยอยู่นับร้อยๆตัว
0,เนื่องจากเจ้าของไร่แก่แล้วและสายตาผ้าฟาง พวกหนูจึงกลายเป็นเจ้าของที่
0,หนูขนสีทองทำรังอยู่ในทุ่งข้าวโพด
0,หนูขนสีเทาอมฟ้าสร้างบ้านอยู่ในโรงเรียนเก็บเมล็ดข้าวด้วยการใช้ฟันอันแหลมคมกัดทะลุกระสอบ
0,มีหนูในโรงรีดนม หนูในตู้กับข้าว หนูในรางหญ้า หรือแม้แต่หนูในหนอน โอ้โฮ เจ้าพวกนี้!
1,พวกมันช่างสุขสบายราวกับเป็นเจ้าของที่เสียจริง
0,จนกระทั่งเช้าวันหนึ่ง เจ้าของไร่พบอึหนูในน้ำผึ้งซึ่งเขาเตรียมไว้เป็นอาหารเช้า เขาจึงตัดสินใจไปซื้อแมวมาตัวหนึ่ง!
-1,สำหรับพวกหนูเล็กๆแล้ว เจ้าแมวตัวนั้นช่างดูน่ากลัว แถมมีขนหยาบทั้งตัว
-1,มันออกล่าเหยื่อผู้เคราะห์ร้ายทั้งวันทั้งคืน
0,มันดักรออยู่นอกรูหนูและสะกดรอยพวกหนูด้วยอุ้งเท้าที่ฉับไวไร้สุ้มเสียง เวลาตะครุบเหยื่อ
-1,เขี้ยวและกรงเล็บของมันคมกริบราวกับคมมีดของมัจจุราชเลยทีเดียว
-1,สุดท้ายพวกหนูก็ทนไม่ได้อีกต่อไป พวกมันต้องทำอะไรสักอย่างกับเจ้าแมวชั่วร้ายตัวนั้น
-1,พรรคพวกของมันหลายตัวถูกกลืนหายลงไปในลำคอที่หิวอยู่ตลอดเวลาของเจ้าแมว
-1,แต่จะมีวิธีไหนให้สัตว์ตัวเล็กๆที่ปกป้องตัวเองไม่ได้อย่างพวกมันเอาชนะสัตว์ร้ายตัวใหญ่เทอะทะอย่างเจ้าแมวได้นะ
0,หนูผู้เฒ่าเรียกสมาชิกหนูทุกตัวมาประชุมในสวนส้มหลังโรงนา ซึ่งทั้งหนูตามท้องนากันหนูบ้านจะมารวมตัวกันได้ โดยไม่ต้องเดินทางจากบ้านมาไกลนัก
0,พวกมันเจอกันตอนบ่ายแก่ๆวันหนึ่ง ตอนที่เจ้าแมวกำลังงีบหลับบนกำแพงสวน
-1,หนูมาชุมนุมกันเป็นแถวๆใต้ต้นไม้ ทั้งหนูสีน้ำตาล สีดำ สีเทา และสีแยมผิวส้ม ทุกตัวต่างก็สั่นเทาจนหนวดบางๆกระดิกไปมา
-1,พวกมันต่างก็มีเรื่องที่อยากจะพูด ทั้งความคิดที่จะเสนอ ความคิดเห็นที่จะหารือ บางตัวมีเรื่องสยองขวัญจะเล่า
0,“เจ้าแมวตัวนั้นย่องมาหาลูกๆฉันตอนกำลังแทะเชือกเส้นหนึ่งอยู่” “มันตะครุบลูกๆตัวน้อยของฉันตอนกำลังเล่นอยู่ในสวนครัว”
1,“แล้วเราจะป้องกันตัวอย่างไรดี”
0,หนูผู้เฒ่าขัดขึ้น “ตอนนี้มาช่วยกันคิดเรื่องนี้กันก่อนเถอะ”
0,หนูบางตัวยื่นข้อเสนอที่น่าขัน “ขังเจ้าแมวนั่นไว้ในโรงนาสิ”
-1,“ผลักมันลงหลุมลึกไปเลย” “ลงบ่อน้ำเลยสิ!”
-1,“จับมันโยนลงแม่น้ำดีกว่า!
-1,พวกแมวกลัวน้ำเดี๋ยวมันต้องร้องโหยหวนดังเท่ากับพวกเรารวมกันแน่”
0,“แค่นั้นยังกำจัดมันไม่ได้หรอก” หนูผู้เฒ่ากล่าว
0,“เดี๋ยวเจ้าของไร่ก็ซื้อตัวใหม่มาอีก” หนูขาวสามตัวยกอุ้งเท้าขึ้นจะพูด
0,ทุกตัวเงียบเสียงลงทันที เพราะถึงแม้พวกมันจะยังเด็ก หนูขาวก็ถือว่าฉลาดมาก
-1,พวกมันเพิ่งสร้างบ้านในหีบไม้ที่เจ้าของไร่เอาไว้เก็บเอกสารทางกฎหมาย และยังทำลายม้วนกระดาษแห่งปัญญาของเจ้าของไร่จนหมด
-1,“ปัญหาก็คือว่า” หนูขาวตัวแรกกล่าว “พวกแมวไม่ส่งเสียงเลยตอนย่องมาหาเรา นกฮูกดังขยับปีกดังพั่บๆ งูยังแลบลิ้นดังแฉ่ๆ แต่แมวกลับเงียบกริบ ไม่มีเสียงกระชิบหรือว่าเสียงอะไรสักแอะ”
1,“ทางออกของสถานการณ์คับขับของเรานั้นง่ายมาก” หนูสีขาวตัวที่สองกล่าว
-1,“คนโง่ก็มองออกว่าต้องทำอย่างไร ที่เราต้องการก็แค่กระดิ่งกระดิ่งเล็กๆกับริบบิ้นยาวๆสักเส้น”
1,หนูทั้งหมดต่างมองหน้ากันด้วยความสงสัยว่าพวกมันหูฝาดไปหรือเปล่าพวกมันจะเอากระดิ่งกับริบบิ้นมาทำอะไรกันแน่
0,หนูฉลาดตัวที่สามกระแอม “ถ้าพวกเราตัวใดตัวหนึ่งย่องไปหาเจ้าแมวนั่น และเอากระดิ่งผูกคอมันตอนที่มันหลับอยู่ พวกเราทั้งหมดก็จะปลอดภัย
-1,เพราะกระดิ่งจะส่งเสียงทุกครั้งที่เจ้าสัตว์ร้ายนั่นขยับตัว ทีนี้พวกเราก็จะได้ยินเสียงของมันตอนที่มันพยายามจะย่องเข้ามา แล้วเราก็จะหนีได้ทันก่อนที่จะถูกมันตะครุบ”
1,เสียงเห็นด้วยดังกึกก้อง ช่างเป็นความคิดที่ชาญฉลาดอะไรเช่นนี้แถมยังง่ายแสนง่ายอีกด้วย แค่เพียงกระดิ่งอันเล็กกับริบบิ้นยาว! มีแต่หนูฉลาดสามตัวที่วางแผนการฉลาดปราดเปรื่องเช่นนี้ได้
-1,หนูผู้เฒ่าไต่ขึ้นต้นไม้และโบกอุ้งเท้าจนทุกตัวในที่ประชุมเงียบเสียงลง มันคงจะโบกหางด้วย แต่หางของมันกุดเหลือแต่ตอ เพราะถูกเจ้าแมวตัวนั้นกัดจนขาด
1,“แผนการของพวกหนูขาวนั้นฉลาดและกล้าหาญจริงๆ” มันกล่าว
-1,“แต่สมาชิกตัวไหนล่ะที่จะเอากระดิ่งไปผูกรอบคอเจ้าสัตว์ร้าย”
0,ที่ชุมนุมเงียบเสียงลงทันควัน สายตาทุกคู่หันไปที่กำแพงสวนที่เจ้าแมวยังคงหลับอยู่
0,แม้จะอยู่ไกล แต่พวกมันก็ยังเห็นกล้ามเนื้ออันทรงพลังกระเพื่อมขึ้นลงใต้ขนของมันอยู่ดี
0,“พวกเราตัวเล็กเกินกว่าจะไต่ขึ้นหลังเจ้าแมวนั่น” หนูในทุ่งนากลืนน้ำลายดังเอื๊อก
0,“คงมีพวกเราสักตัวยอมทำละน่า แต่พวกเราเสียงดังเกินกว่าจะย่องเข้าหาแมวที่หลับอยู่” หนูในโรงงานเก็บเมล็ดข้าวร้องจี๊ดๆ
-1,“เจ้าสัตว์ร้ายนั่นคงตื่นก่อนที่เราจะทันได้ผูกกระดิ่งเป็นแน่”
0,“แถมตัวพวกเรายังมีกลิ่นเนย” หนูในโรงรีดนมร้อง
-1,ด้านบนกำแพงสวน เจ้าแมวตื่นขึ้นและหาว มันนอนหลับอยู่นานพอสมควรจนท้องร้องด้วยความหิว
-1,ตาของมันสะท้อนแสงอาทิตย์ยามเย็น ขณะที่มองหาเหยื่อไปรอบๆ ที่มันเห็นอยู่ใต้ต้นส้มนั่นคืออะไร ใช่พวกหนูโง่แต่เนื้อฉ่ำทั้งโขยงหรือเปล่านะ
1,เจ้าแมวหัวเราะหึๆ เลียริมฝีปาก มันกระโดดลงพื้นอย่างสง่างาม
0,และก่อนที่พวกหนูจะสังเกตเห็นว่ามันใกล้เข้ามา มันก็ดีดตัวลงตรงกลางที่ชุมนุมพอดี พร้อมกับแยกเขี้ยวและกางกรงเล็บ
-1,พวกหนูเผ่นกันไปคนละทิศละทางพร้อมกับร้องจี๊ดๆ จนเสียงหลงและตัวสั่นด้วยความกลัว
0,แล้วแผนการอันชาญฉลาดของพวกมันก็จบลงด้วยประการฉะนี้!
-1,“นิทานเรื่องนี้สอนให้รู้ว่า” คิดน่ะง่าย แต่ทำสิยาก
0,กบเลือกนาย
1,เชิญนั่งตามสบาย ผู้ฟังที่แสนดีของฉัน ถึงเวลาเล่านิทานอีกแล้ว
0,ครั้งหนึ่งกษัตริย์โครเอซัสส่งตัวฉันไปกรุงเอเธนส์
1,ซึ่งพวกเศรษฐีอยากกำจัดเพซิสเตรตัส ผู้ครองนครของตน “ช่วยทำให้พวกเขาตาสว่างที” โครเอซัสขอร้องฉัน
0,กลายเป็นว่าหน้าที่นี้ยากกว่าที่ฉันคิด
0,ประชาชนชาวเอเธนส์ดูมุ่งมั่นที่จะเปลี่ยนผู้ครองนคร
1,ฉันชี้ให้เห็นว่าเพซิสเตรตัสได้ช่วยเหลือคนยากจนมามาก
0,เขาลดภาษี เขาช่วยรักษาคนป่วยกระเสาะกระแสะ และยังสร้างท่อน้ำพิเศษเพื่อส่งน้ำเข้าสู่เมืองอีกด้วย
0,“ใครจะสร้างสิ่งปลูกสร้างสาธารณะที่งดงามแบบนี้ได้อีก” ฉันถาม
0,“ไม่มีหรอก” พวกเขายอมรับ “แต่เพซิสเตรตัสเป็นนายพล – เป็นทหารที่หยาบกระด้าง เราอยากได้คนที่ดูนุ่มนวลกว่านี้”
-1,“แต่ผู้ครองนครคนต่อไปอาจเป็นคนเห็นแก่ตัวและเหี้ยมโหดก็ได้” ฉันเตือนพวกเขา
1,“ไม่เข้าใจหรือ ถ้าของมันยังดีอยู่ แล้วจะไปซ่อมมันทำไม” พวกเขาดูสับสน
0,เพื่อโน้มน้าวใจพวกเขาให้ได้ ฉันจึงเล่านิทานสั้นๆ เรื่องหนึ่งให้ฟัง ชื่อเรื่อง กบเลือกนาย...
0,กบจำนวนมากเคยอาศัยอยู่ใกล้ภูเขาโอลิมปัส น้ำในสระลึกและอุดมไปด้วยวัชพืชที่แม่กบเอาไว้วางไข่
0,อากาศรอบๆ สระเต็มไปด้วยแมลงที่พวกมันใช้ลิ้นเหนียวๆ จับกิน
-1,เหนือสิ่งอื่นใดมีต้นกกแผ่นหนาขึ้นอยู่ทั่วสระ ไว้คอยกำบังพวกกบจากสัตว์ร้าย
1,ชีวิตเป็นดั่งงานรื่นเริงใหญ่สำหรับพวกมัน ซึ่งพวกมันฉลองด้วยการว่ายน้ำตลอดเวลา และร้องเพลงกันเนิ่นนานยามอาทิตย์ขึ้นและอาทิตย์ตกดิน
0,วันหนึ่ง นกนางแอ่นสองตัวมาพักดื่มน้ำบนต้นกก
1,“ฉันจะไปส่งข่าวให้พระราชานกนางแอ่น” นกตัวหนึ่งกล่าวกับนกอีกตัวอย่างภาคภูมิใจ
0,กบรุ่นเยาว์สองตัวได้ยินเข้า “พวกเจ้ามีพระราชาด้วยหรือ” พวกมันถาม
0,“สัตว์ทุกชนิดมีพระราชาทั้งนั้นแหละ” นกนางแอ่นกล่าว
-1,“พวกเราไม่เห็นมีเลย” พวกกบรุ่นเยาว์พูดอย่างเป็นกังวล
0,“ต้องมีสิ” นกนางแอ่นยืนกราน
0,“เขาคงอยู่อีกสระหนึ่ง พวกเจ้าไม่เคยได้ยินข่าวจากเขา หรือส่งเครื่องบรรณาการให้เขาเลยหรือ”
-1,พวกกบส่ายหัว และเริ่มสะกิดใจว่าพวกมันไม่มีผู้นำ ไม่มีใครคอยดูแล
0,ขณะที่สระของมันก็ดูไม่เหมือนสวรรค์ตรงไหน ชีวิตว่างเปล่าไร้ซึ่งความหมายเสียจริง
-1,ขณะที่เกิดความไม่พอใจขึ้น กบที่อาวุโสที่สุด และอ้วนที่สุดในสระก็เรียกประชุม
0,“เราต้องทูลขอให้ซีอุส เจ้าแห่งทวยเทพทั้งปวงประทานพระราชาให้เรา” มันกล่าว
0,“มาสวดอ้อนวอนกันเถิด” แล้วกบทุกตัวก็ประสานมือกัน หลับตาและเริ่มร้องพร้อมๆ กัน
1,“โอ เทพซีอุสผู้ยิ่งใหญ่ พวกเราไซร้พร้อมกันร้องสรรเสริญ ขอท่านโปรดเมตตาพวกเราเทอญ จงอัญเชิญพระราชามาให้เรา!”
-1,ยังไม่ทันที่พวกมันจะสวดอ้อนวอนจบ ก็เกิดฟ้าแลบลงมา จนทุกตัวสะดุ้งโหยง แล้วก็มีของใหญ่ๆ ตกลงมาจากฟากฟ้า มันตกกระทบสระเสียงดังลั่น จนคลื่นแตกกระจายไปบนฝั่ง
-1,พวกกบพากันตกใจกลัว กระโดดหนีไปหลบในต้นกกใกล้ๆ แล้วจึงแอบมองออกมาทีละตัว
-1,สิ่งที่ลอยอยู่ในสระคือสัตว์ประหลาดตัวเทอะทะ ตัวของมันยาวผิวหยาบ และเงียบกริบเหมือนป่าช้า
-1,“ต้องเป็นพระราชาของพวกเราแน่” พวกกบกระซิบด้วยความหวาดกลัว
1,“เทพซีอุสคงตอบคำ อ้อนวอนของพวกเราแล้ว” พวกมันรวบรวมความกล้าและเข้าไปใกล้เจ้านายคนใหม่ที่กำลังหลับอยู่อย่างเงียบกริบที่สุดเท่าที่จะทำได้
0,พวกกบรุ่นเยาว์เอาใบบัวมาร้อยเป็นพวงมาลัยประดับทั่วตัวพระราชาองค์ใหม่
0,ทว่า พระราชายังเงียบสนิท พวกกบอยากให้เขาพูด หรือออกคำสั่ง แต่เขาก็ไม่พูด
1,ถึงอย่างนั้น ทุกตัวก็ดีใจที่มีผู้นำ เพราะทำให้พวกมันเท่าเทียมกับสัตว์ทุกชนิดในโลก
0,พวกมันจึงร้องสรรเสริญเขาทุกคราที่พระอาทิตย์ขึ้นและตก
0,หนึ่งหรือสองสัปดาห์ต่อมา นกนางแอ่นตัวหนึ่งแวะมาดื่มน้ำที่สระอีกครั้ง มันเพิ่งไปส่งข่าวให้พระราชานกนางแอ่นและกำลังจะกลับบ้าน
-1,“นั่นไม่ใช่พระราชาเสียหน่อย” มันว่าเมื่อพวกกบให้มันดูสัตว์ประหลาดตัวเทอะทะในน้ำ “นั่นมันซุงต่างหาก แค่ไม้ท่อนหนึ่ง มันคงหักลงมาจากต้นไม้”
-1,พวกกบตกตะลึงพรึงเพริด “เทพซีอุสเล่นตลกกับพวกมันอย่างร้ายกาจแบบนี้ได้อย่างไร เหตุใดจึงส่งซากไม้มาให้เป็นพระราชาของพวกมัน เราต้องการพระราชาที่มีชีวิตจริงๆ ต่างหาก” ทุกตัวตอบพร้อมกัน
1,“พระราชาที่พูดได้และออกคำสั่งพวกเราได้ -- ผู้นำที่สง่างามและน่าประทับใจแบบพระราชาของสัตว์อื่นๆ”
0,กบที่อาวุโสที่สุดเรียกประชุมอีกครั้ง พวกกบประสานมือ หลับตาและเริ่มร้องอีกครั้ง
1,“โอ เทพซีอุสผู้ยิ่งใหญ่ พวกเราไซร้พร้อมกันร้องสรรเสริญ ขอท่านโปรดเมตตาพวกเราเทอญ จงอัญเชิญพระราชามาให้เรา!”
0,แล้วก็เป็นเหมือนครั้งก่อน สายฟ้าแลบลงมาจนพวกกบพากันหนีไปหลบในต้นกก
0,จากตรงนั้น พวกมันมองขึ้นมาเห็นจุดสีขาวบนฟ้า ค่อยๆลองลงสู่พื้นดิน เหมือนกับกระดาษหนังที่ถูกลมพัดลงมาจากภูเขาโอลิมปัสอย่างไรอย่างนั้น ขณะที่ใกล้เข้ามา
1,พวกกบก็ดูออกว่ามันคือนกที่สง่างามแบบที่ไม่เห็นมาก่อน มันมีคอและขายาวระหง มีขนสีม่วงประดับอยู่บนหน้าอกของมัน
1,นกตัวนั้นหุบปีกอย่างสง่างามและเข้ามาพักในน้ำ
1,“ถวายพระพรพระราชากบองค์ใหม่ พวกเราขอต้อนรับพระองค์ด้วยความยินดี” พวกกบแก่ๆออกมาจากต้นกกอย่างระมัดระวัง พร้อมกับโค้งคำนับ
-1,ผู้นำตัวใหม่ไม่ตอบรับการทักทาย มันกลับมองไปรอบๆด้วยดวงตาดุดัน และส่ายจะงอยปากขาวๆสีเหลืองที่มีปลายแหลมคมไปมา
0,มันยกปีกเล็กน้อย และพุ่งไปข้างหน้าอย่างรวดเร็วปลายสายฟ้าของเทพซีอุส กบอาวุโสที่สุดหายลงไปในคอหอยของมัน
-1,ตัวอื่นๆร้องด้วยความกลัวและกระโจนหาที่กำบังท่ามกลางต้นกก
-1,เทพซีอุสทรงพิโรธที่พวกมันไม่พอใจพระราชาองค์แรก จึงส่งนกกระสามาแทน -- ซึ่งอาหารโปรดของนกคือกบกับปลานั่นเอง
-1,การดำเนินชีวิตของพวกกบเปลี่ยนไปทุกวันต้องใช้ชีวิตด้วยความหวาดกลัว จะออกจากที่ซ่อนก็ต่อเมื่อพระราชาไม่อยู่หรือกำลังหลับ
-1,และพวกมันไม่สามารถมาร่วมร้องเพลงยามพระอาทิตย์ขึ้นและตกได้อีกต่อไป
-1,เหล่ากบต่างเสียใจว่าตนไม่น่าทูลขอผู้นำจากเทพซีอุสเลย ตอนที่ไม่มีผู้นำ พวกมันเคยมีชีวิตที่ดีกว่านี้มาก
1,“นิทานเรื่องนี้สอนให้รู้ว่า” จงพอใจ ในสิ่งที่ตนมีอยู่
